Snoring Rate,Respiration Rate,Body Temperature,Limb Movement,Blood Oxygen Levels,Eye Movement Rate,Sleeping Rate,Heart Rate,Stress Level
93.8,25.68,91.84,16.6,89.84,99.6,1.84,74.2,3
91.64,25.104,91.552,15.88,89.552,98.88,1.552,72.76,3
85.76,23.536,90.768,13.92,88.768,96.92,0.768,68.84,3
48.12,17.248,97.872,6.496,96.248,72.48,8.248,53.12,0
56.88,19.376,95.376,9.376,94.064,83.44,6.376,58.44,1
47,16.8,97.2,5.6,95.8,68,7.8,52,0
50,18,99,8,97,80,9,55,0
45.28,16.112,96.168,4.224,95.112,61.12,7.112,50.28,0
55.52,19.104,95.104,9.104,93.656,82.76,6.104,57.76,1
73.44,21.344,93.344,11.344,91.344,91.72,4.016,63.36,2
59.28,19.856,95.856,9.856,94.784,84.64,6.856,59.64,1
48.6,17.44,98.16,6.88,96.44,74.4,8.44,53.6,0
96.288,26.288,85.36,17.144,82.432,100.36,0,75.72,4
87.8,24.08,91.04,14.6,89.04,97.6,1.04,70.2,3
52.32,18.464,94.464,8.464,92.696,81.16,5.464,56.16,1
52.64,18.528,94.528,8.528,92.792,81.32,5.528,56.32,1
86.24,23.664,90.832,14.08,88.832,97.08,0.832,69.16,3
81.56,22.416,90.208,12.52,88.208,95.52,0.208,66.04,3
63.68,20.368,92.368,10.368,90.368,86.84,2.552,60.92,2
77.6,21.76,93.76,11.76,91.76,93.8,4.64,64.4,2
77.28,21.728,93.728,11.728,91.728,93.64,4.592,64.32,2
69.76,20.976,92.976,10.976,90.976,89.88,3.464,62.44,2
88.04,24.144,91.072,14.68,89.072,97.68,1.072,70.36,3
89.96,24.656,91.328,15.32,89.328,98.32,1.328,71.64,3
53.68,18.736,94.736,8.736,93.104,81.84,5.736,56.84,1
78.56,21.856,93.856,11.856,91.856,94.28,4.784,64.64,2
50.96,18.192,94.192,8.192,92.288,80.48,5.192,55.48,1
94.76,25.936,91.968,16.92,89.968,99.92,1.968,74.84,3
62.08,20.208,92.208,10.208,90.208,86.04,2.312,60.52,2
49.12,17.648,98.472,7.296,96.648,76.48,8.648,54.12,0
96.256,26.256,85.32,17.128,82.384,100.32,0,75.64,4
47.68,17.072,97.608,6.144,96.072,70.72,8.072,52.68,0
99.904,29.904,89.88,18.952,87.856,104.88,0,84.76,4
60,20,92,10,90,85,2,60,2
86.72,23.792,90.896,14.24,88.896,97.24,0.896,69.48,3
48.48,17.392,98.088,6.784,96.392,73.92,8.392,53.48,0
98.528,28.528,88.16,18.264,85.792,103.16,0,81.32,4
46.12,16.448,96.672,4.896,95.448,64.48,7.448,51.12,0
98.72,28.72,88.4,18.36,86.08,103.4,0,81.8,4
60.96,20.096,92.096,10.096,90.096,85.48,2.144,60.24,2
65.6,20.56,92.56,10.56,90.56,87.8,2.84,61.4,2
75.36,21.536,93.536,11.536,91.536,92.68,4.304,63.84,2
49.28,17.712,98.568,7.424,96.712,77.12,8.712,54.28,0
73.28,21.328,93.328,11.328,91.328,91.64,3.992,63.32,2
98.912,28.912,88.64,18.456,86.368,103.64,0,82.28,4
62.88,20.288,92.288,10.288,90.288,86.44,2.432,60.72,2
97.664,27.664,87.08,17.832,84.496,102.08,0,79.16,4
56.72,19.344,95.344,9.344,94.016,83.36,6.344,58.36,1
96.576,26.576,85.72,17.288,82.864,100.72,0,76.44,4
49.6,17.84,98.76,7.68,96.84,78.4,8.84,54.6,0
53.6,18.72,94.72,8.72,93.08,81.8,5.72,56.8,1
93.2,25.52,91.76,16.4,89.76,99.4,1.76,73.8,3
46.84,16.736,97.104,5.472,95.736,67.36,7.736,51.84,0
56.08,19.216,95.216,9.216,93.824,83.04,6.216,58.04,1
75.68,21.568,93.568,11.568,91.568,92.84,4.352,63.92,2
97.536,27.536,86.92,17.768,84.304,101.92,0,78.84,4
92.84,25.424,91.712,16.28,89.712,99.28,1.712,73.56,3
87.56,24.016,91.008,14.52,89.008,97.52,1.008,70.04,3
58.48,19.696,95.696,9.696,94.544,84.24,6.696,59.24,1
98.336,28.336,87.92,18.168,85.504,102.92,0,80.84,4
81.08,22.288,90.144,12.36,88.144,95.36,0.144,65.72,3
46.6,16.64,96.96,5.28,95.64,66.4,7.64,51.6,0
61.6,20.16,92.16,10.16,90.16,85.8,2.24,60.4,2
96.448,26.448,85.56,17.224,82.672,100.56,0,76.12,4
50.24,18.048,94.048,8.048,92.072,80.12,5.048,55.12,1
49.92,17.968,98.952,7.936,96.968,79.68,8.968,54.92,0
60.48,20.048,92.048,10.048,90.048,85.24,2.072,60.12,2
99.136,29.136,88.92,18.568,86.704,103.92,0,82.84,4
48.28,17.312,97.968,6.624,96.312,73.12,8.312,53.28,0
50.48,18.096,94.096,8.096,92.144,80.24,5.096,55.24,1
96.192,26.192,85.24,17.096,82.288,100.24,0,75.48,4
57.68,19.536,95.536,9.536,94.304,83.84,6.536,58.84,1
45.16,16.064,96.096,4.128,95.064,60.64,7.064,50.16,0
48.68,17.472,98.208,6.944,96.472,74.72,8.472,53.68,0
98.016,28.016,87.52,18.008,85.024,102.52,0,80.04,4
96.8,26.8,86,17.4,83.2,101,0,77,4
56.48,19.296,95.296,9.296,93.944,83.24,6.296,58.24,1
90.08,24.688,91.344,15.36,89.344,98.36,1.344,71.72,3
96,26,85,17,82,100,0,75,4
50.64,18.128,94.128,8.128,92.192,80.32,5.128,55.32,1
50.56,18.112,94.112,8.112,92.168,80.28,5.112,55.28,1
53.92,18.784,94.784,8.784,93.176,81.96,5.784,56.96,1
96.672,26.672,85.84,17.336,83.008,100.84,0,76.68,4
68.32,20.832,92.832,10.832,90.832,89.16,3.248,62.08,2
54.88,18.976,94.976,8.976,93.464,82.44,5.976,57.44,1
52.4,18.48,94.48,8.48,92.72,81.2,5.48,56.2,1
51.6,18.32,94.32,8.32,92.48,80.8,5.32,55.8,1
92.48,25.328,91.664,16.16,89.664,99.16,1.664,73.32,3
98.24,28.24,87.8,18.12,85.36,102.8,0,80.6,4
65.12,20.512,92.512,10.512,90.512,87.56,2.768,61.28,2
86.6,23.76,90.88,14.2,88.88,97.2,0.88,69.4,3
68,20.8,92.8,10.8,90.8,89,3.2,62,2
99.808,29.808,89.76,18.904,87.712,104.76,0,84.52,4
45.2,16.08,96.12,4.16,95.08,60.8,7.08,50.2,0
63.2,20.32,92.32,10.32,90.32,86.6,2.48,60.8,2
98.272,28.272,87.84,18.136,85.408,102.84,0,80.68,4
75.2,21.52,93.52,11.52,91.52,92.6,4.28,63.8,2
76.96,21.696,93.696,11.696,91.696,93.48,4.544,64.24,2
80,22,90,12,88,95,0,65,3
99.616,29.616,89.52,18.808,87.424,104.52,0,84.04,4
97.216,27.216,86.52,17.608,83.824,101.52,0,78.04,4
45.04,16.016,96.024,4.032,95.016,60.16,7.016,50.04,0
97.376,27.376,86.72,17.688,84.064,101.72,0,78.44,4
53.52,18.704,94.704,8.704,93.056,81.76,5.704,56.76,1
61.44,20.144,92.144,10.144,90.144,85.72,2.216,60.36,2
62.24,20.224,92.224,10.224,90.224,86.12,2.336,60.56,2
79.2,21.92,93.92,11.92,91.92,94.6,4.88,64.8,2
96.96,26.96,86.2,17.48,83.44,101.2,0,77.4,4
54.4,18.88,94.88,8.88,93.32,82.2,5.88,57.2,1
68.96,20.896,92.896,10.896,90.896,89.48,3.344,62.24,2
96.608,26.608,85.76,17.304,82.912,100.76,0,76.52,4
47.44,16.976,97.464,5.952,95.976,69.76,7.976,52.44,0
90.56,24.816,91.408,15.52,89.408,98.52,1.408,72.04,3
66.88,20.688,92.688,10.688,90.688,88.44,3.032,61.72,2
97.92,27.92,87.4,17.96,84.88,102.4,0,79.8,4
68.64,20.864,92.864,10.864,90.864,89.32,3.296,62.16,2
76,21.6,93.6,11.6,91.6,93,4.4,64,2
49.52,17.808,98.712,7.616,96.808,78.08,8.808,54.52,0
54.96,18.992,94.992,8.992,93.488,82.48,5.992,57.48,1
55.28,19.056,95.056,9.056,93.584,82.64,6.056,57.64,1
90.32,24.752,91.376,15.44,89.376,98.44,1.376,71.88,3
97.312,27.312,86.64,17.656,83.968,101.64,0,78.28,4
58.08,19.616,95.616,9.616,94.424,84.04,6.616,59.04,1
83.6,22.96,90.48,13.2,88.48,96.2,0.48,67.4,3
98.112,28.112,87.64,18.056,85.168,102.64,0,80.28,4
98.208,28.208,87.76,18.104,85.312,102.76,0,80.52,4
65.76,20.576,92.576,10.576,90.576,87.88,2.864,61.44,2
57.2,19.44,95.44,9.44,94.16,83.6,6.44,58.6,1
97.568,27.568,86.96,17.784,84.352,101.96,0,78.92,4
68.8,20.88,92.88,10.88,90.88,89.4,3.32,62.2,2
47.8,17.12,97.68,6.24,96.12,71.2,8.12,52.8,0
97.184,27.184,86.48,17.592,83.776,101.48,0,77.96,4
92.72,25.392,91.696,16.24,89.696,99.24,1.696,73.48,3
59.68,19.936,95.936,9.936,94.904,84.84,6.936,59.84,1
48.56,17.424,98.136,6.848,96.424,74.24,8.424,53.56,0
48.36,17.344,98.016,6.688,96.344,73.44,8.344,53.36,0
78.08,21.808,93.808,11.808,91.808,94.04,4.712,64.52,2
96.736,26.736,85.92,17.368,83.104,100.92,0,76.84,4
47.72,17.088,97.632,6.176,96.088,70.88,8.088,52.72,0
71.36,21.136,93.136,11.136,91.136,90.68,3.704,62.84,2
81.44,22.384,90.192,12.48,88.192,95.48,0.192,65.96,3
78.4,21.84,93.84,11.84,91.84,94.2,4.76,64.6,2
49.32,17.728,98.592,7.456,96.728,77.28,8.728,54.32,0
68.48,20.848,92.848,10.848,90.848,89.24,3.272,62.12,2
46.92,16.768,97.152,5.536,95.768,67.68,7.768,51.92,0
48.76,17.504,98.256,7.008,96.504,75.04,8.504,53.76,0
45.08,16.032,96.048,4.064,95.032,60.32,7.032,50.08,0
45.12,16.048,96.072,4.096,95.048,60.48,7.048,50.12,0
50.32,18.064,94.064,8.064,92.096,80.16,5.064,55.16,1
88.52,24.272,91.136,14.84,89.136,97.84,1.136,70.68,3
47.88,17.152,97.728,6.304,96.152,71.52,8.152,52.88,0
96.864,26.864,86.08,17.432,83.296,101.08,0,77.16,4
96.096,26.096,85.12,17.048,82.144,100.12,0,75.24,4
49,17.6,98.4,7.2,96.6,76,8.6,54,0
64.64,20.464,92.464,10.464,90.464,87.32,2.696,61.16,2
93.32,25.552,91.776,16.44,89.776,99.44,1.776,73.88,3
74.56,21.456,93.456,11.456,91.456,92.28,4.184,63.64,2
96.32,26.32,85.4,17.16,82.48,100.4,0,75.8,4
98.784,28.784,88.48,18.392,86.176,103.48,0,81.96,4
98.88,28.88,88.6,18.44,86.32,103.6,0,82.2,4
70.56,21.056,93.056,11.056,91.056,90.28,3.584,62.64,2
55.76,19.152,95.152,9.152,93.728,82.88,6.152,57.88,1
66.08,20.608,92.608,10.608,90.608,88.04,2.912,61.52,2
99.392,29.392,89.24,18.696,87.088,104.24,0,83.48,4
76.8,21.68,93.68,11.68,91.68,93.4,4.52,64.2,2
46.8,16.72,97.08,5.44,95.72,67.2,7.72,51.8,0
47.28,16.912,97.368,5.824,95.912,69.12,7.912,52.28,0
99.776,29.776,89.72,18.888,87.664,104.72,0,84.44,4
100,30,90,19,88,105,0,85,4
59.6,19.92,95.92,9.92,94.88,84.8,6.92,59.8,1
74.72,21.472,93.472,11.472,91.472,92.36,4.208,63.68,2
71.2,21.12,93.12,11.12,91.12,90.6,3.68,62.8,2
58.16,19.632,95.632,9.632,94.448,84.08,6.632,59.08,1
53.44,18.688,94.688,8.688,93.032,81.72,5.688,56.72,1
52.56,18.512,94.512,8.512,92.768,81.28,5.512,56.28,1
54.32,18.864,94.864,8.864,93.296,82.16,5.864,57.16,1
98.08,28.08,87.6,18.04,85.12,102.6,0,80.2,4
92,25.2,91.6,16,89.6,99,1.6,73,3
58.88,19.776,95.776,9.776,94.664,84.44,6.776,59.44,1
55.2,19.04,95.04,9.04,93.56,82.6,6.04,57.6,1
53.36,18.672,94.672,8.672,93.008,81.68,5.672,56.68,1
79.04,21.904,93.904,11.904,91.904,94.52,4.856,64.76,2
58.24,19.648,95.648,9.648,94.472,84.12,6.648,59.12,1
46.2,16.48,96.72,4.96,95.48,64.8,7.48,51.2,0
67.04,20.704,92.704,10.704,90.704,88.52,3.056,61.76,2
47.04,16.816,97.224,5.632,95.816,68.16,7.816,52.04,0
73.76,21.376,93.376,11.376,91.376,91.88,4.064,63.44,2
57.04,19.408,95.408,9.408,94.112,83.52,6.408,58.52,1
72.48,21.248,93.248,11.248,91.248,91.24,3.872,63.12,2
52.8,18.56,94.56,8.56,92.84,81.4,5.56,56.4,1
57.28,19.456,95.456,9.456,94.184,83.64,6.456,58.64,1
96.384,26.384,85.48,17.192,82.576,100.48,0,75.96,4
88.4,24.24,91.12,14.8,89.12,97.8,1.12,70.6,3
98.304,28.304,87.88,18.152,85.456,102.88,0,80.76,4
46.68,16.672,97.008,5.344,95.672,66.72,7.672,51.68,0
45.96,16.384,96.576,4.768,95.384,63.84,7.384,50.96,0
48.64,17.456,98.184,6.912,96.456,74.56,8.456,53.64,0
67.36,20.736,92.736,10.736,90.736,88.68,3.104,61.84,2
88.76,24.336,91.168,14.92,89.168,97.92,1.168,70.84,3
46.36,16.544,96.816,5.088,95.544,65.44,7.544,51.36,0
45.44,16.176,96.264,4.352,95.176,61.76,7.176,50.44,0
48.84,17.536,98.304,7.072,96.536,75.36,8.536,53.84,0
80,22,94,12,92,95,5,65,2
96.64,26.64,85.8,17.32,82.96,100.8,0,76.6,4
45.32,16.128,96.192,4.256,95.128,61.28,7.128,50.32,0
67.68,20.768,92.768,10.768,90.768,88.84,3.152,61.92,2
99.552,29.552,89.44,18.776,87.328,104.44,0,83.88,4
58.32,19.664,95.664,9.664,94.496,84.16,6.664,59.16,1
52.08,18.416,94.416,8.416,92.624,81.04,5.416,56.04,1
56.56,19.312,95.312,9.312,93.968,83.28,6.312,58.28,1
82.28,22.608,90.304,12.76,88.304,95.76,0.304,66.52,3
45.48,16.192,96.288,4.384,95.192,61.92,7.192,50.48,0
48.72,17.488,98.232,6.976,96.488,74.88,8.488,53.72,0
93.08,25.488,91.744,16.36,89.744,99.36,1.744,73.72,3
87.44,23.984,90.992,14.48,88.992,97.48,0.992,69.96,3
47.4,16.96,97.44,5.92,95.96,69.6,7.96,52.4,0
77.76,21.776,93.776,11.776,91.776,93.88,4.664,64.44,2
65.28,20.528,92.528,10.528,90.528,87.64,2.792,61.32,2
61.76,20.176,92.176,10.176,90.176,85.88,2.264,60.44,2
59.36,19.872,95.872,9.872,94.808,84.68,6.872,59.68,1
97.088,27.088,86.36,17.544,83.632,101.36,0,77.72,4
47.2,16.88,97.32,5.76,95.88,68.8,7.88,52.2,0
55.68,19.136,95.136,9.136,93.704,82.84,6.136,57.84,1
80.12,22.032,90.016,12.04,88.016,95.04,0.016,65.08,3
96.768,26.768,85.96,17.384,83.152,100.96,0,76.92,4
61.12,20.112,92.112,10.112,90.112,85.56,2.168,60.28,2
50,18,94,8,92,80,5,55,1
97.408,27.408,86.76,17.704,84.112,101.76,0,78.52,4
45.52,16.208,96.312,4.416,95.208,62.08,7.208,50.52,0
91.4,25.04,91.52,15.8,89.52,98.8,1.52,72.6,3
97.056,27.056,86.32,17.528,83.584,101.32,0,77.64,4
57.44,19.488,95.488,9.488,94.232,83.72,6.488,58.72,1
90.44,24.784,91.392,15.48,89.392,98.48,1.392,71.96,3
46.76,16.704,97.056,5.408,95.704,67.04,7.704,51.76,0
45.84,16.336,96.504,4.672,95.336,63.36,7.336,50.84,0
88.64,24.304,91.152,14.88,89.152,97.88,1.152,70.76,3
98.048,28.048,87.56,18.024,85.072,102.56,0,80.12,4
83.12,22.832,90.416,13.04,88.416,96.04,0.416,67.08,3
56.64,19.328,95.328,9.328,93.992,83.32,6.328,58.32,1
98.176,28.176,87.72,18.088,85.264,102.72,0,80.44,4
93.44,25.584,91.792,16.48,89.792,99.48,1.792,73.96,3
84.44,23.184,90.592,13.48,88.592,96.48,0.592,67.96,3
98.432,28.432,88.04,18.216,85.648,103.04,0,81.08,4
80.96,22.256,90.128,12.32,88.128,95.32,0.128,65.64,3
49.08,17.632,98.448,7.264,96.632,76.32,8.632,54.08,0
86.96,23.856,90.928,14.32,88.928,97.32,0.928,69.64,3
79.36,21.936,93.936,11.936,91.936,94.68,4.904,64.84,2
81.2,22.32,90.16,12.4,88.16,95.4,0.16,65.8,3
83.96,23.056,90.528,13.32,88.528,96.32,0.528,67.64,3
51.36,18.272,94.272,8.272,92.408,80.68,5.272,55.68,1
97.248,27.248,86.56,17.624,83.872,101.56,0,78.12,4
60.16,20.016,92.016,10.016,90.016,85.08,2.024,60.04,2
82.76,22.736,90.368,12.92,88.368,95.92,0.368,66.84,3
51.12,18.224,94.224,8.224,92.336,80.56,5.224,55.56,1
92.96,25.456,91.728,16.32,89.728,99.32,1.728,73.64,3
74.88,21.488,93.488,11.488,91.488,92.44,4.232,63.72,2
83.48,22.928,90.464,13.16,88.464,96.16,0.464,67.32,3
97.632,27.632,87.04,17.816,84.448,102.04,0,79.08,4
69.44,20.944,92.944,10.944,90.944,89.72,3.416,62.36,2
99.872,29.872,89.84,18.936,87.808,104.84,0,84.68,4
81.92,22.512,90.256,12.64,88.256,95.64,0.256,66.28,3
73.12,21.312,93.312,11.312,91.312,91.56,3.968,63.28,2
48.88,17.552,98.328,7.104,96.552,75.52,8.552,53.88,0
47.12,16.848,97.272,5.696,95.848,68.48,7.848,52.12,0
56.16,19.232,95.232,9.232,93.848,83.08,6.232,58.08,1
77.44,21.744,93.744,11.744,91.744,93.72,4.616,64.36,2
84.8,23.28,90.64,13.6,88.64,96.6,0.64,68.2,3
74.4,21.44,93.44,11.44,91.44,92.2,4.16,63.6,2
77.92,21.792,93.792,11.792,91.792,93.96,4.688,64.48,2
98.848,28.848,88.56,18.424,86.272,103.56,0,82.12,4
99.04,29.04,88.8,18.52,86.56,103.8,0,82.6,4
58.56,19.712,95.712,9.712,94.568,84.28,6.712,59.28,1
46.64,16.656,96.984,5.312,95.656,66.56,7.656,51.64,0
98.656,28.656,88.32,18.328,85.984,103.32,0,81.64,4
51.92,18.384,94.384,8.384,92.576,80.96,5.384,55.96,1
70.08,21.008,93.008,11.008,91.008,90.04,3.512,62.52,2
89.48,24.528,91.264,15.16,89.264,98.16,1.264,71.32,3
96.928,26.928,86.16,17.464,83.392,101.16,0,77.32,4
89.36,24.496,91.248,15.12,89.248,98.12,1.248,71.24,3
94.28,25.808,91.904,16.76,89.904,99.76,1.904,74.52,3
83.36,22.896,90.448,13.12,88.448,96.12,0.448,67.24,3
45.36,16.144,96.216,4.288,95.144,61.44,7.144,50.36,0
94.88,25.968,91.984,16.96,89.984,99.96,1.984,74.92,3
47.24,16.896,97.344,5.792,95.896,68.96,7.896,52.24,0
54.56,18.912,94.912,8.912,93.368,82.28,5.912,57.28,1
89.84,24.624,91.312,15.28,89.312,98.28,1.312,71.56,3
89,24.4,91.2,15,89.2,98,1.2,71,3
88.28,24.208,91.104,14.76,89.104,97.76,1.104,70.52,3
64.32,20.432,92.432,10.432,90.432,87.16,2.648,61.08,2
96.48,26.48,85.6,17.24,82.72,100.6,0,76.2,4
48.24,17.296,97.944,6.592,96.296,72.96,8.296,53.24,0
97.344,27.344,86.68,17.672,84.016,101.68,0,78.36,4
45.88,16.352,96.528,4.704,95.352,63.52,7.352,50.88,0
98.368,28.368,87.96,18.184,85.552,102.96,0,80.92,4
49.68,17.872,98.808,7.744,96.872,78.72,8.872,54.68,0
69.12,20.912,92.912,10.912,90.912,89.56,3.368,62.28,2
59.52,19.904,95.904,9.904,94.856,84.76,6.904,59.76,1
76.48,21.648,93.648,11.648,91.648,93.24,4.472,64.12,2
53.12,18.624,94.624,8.624,92.936,81.56,5.624,56.56,1
86.36,23.696,90.848,14.12,88.848,97.12,0.848,69.24,3
49.36,17.744,98.616,7.488,96.744,77.44,8.744,54.36,0
46,16.4,96.6,4.8,95.4,64,7.4,51,0
91.76,25.136,91.568,15.92,89.568,98.92,1.568,72.84,3
65.92,20.592,92.592,10.592,90.592,87.96,2.888,61.48,2
62.56,20.256,92.256,10.256,90.256,86.28,2.384,60.64,2
96.704,26.704,85.88,17.352,83.056,100.88,0,76.76,4
72.32,21.232,93.232,11.232,91.232,91.16,3.848,63.08,2
90.92,24.912,91.456,15.64,89.456,98.64,1.456,72.28,3
48.8,17.52,98.28,7.04,96.52,75.2,8.52,53.8,0
85.04,23.344,90.672,13.68,88.672,96.68,0.672,68.36,3
71.04,21.104,93.104,11.104,91.104,90.52,3.656,62.76,2
55.92,19.184,95.184,9.184,93.776,82.96,6.184,57.96,1
45.56,16.224,96.336,4.448,95.224,62.24,7.224,50.56,0
56.8,19.36,95.36,9.36,94.04,83.4,6.36,58.4,1
49.8,17.92,98.88,7.84,96.92,79.2,8.92,54.8,0
95,26,92,17,90,100,2,75,3
87.2,23.92,90.96,14.4,88.96,97.4,0.96,69.8,3
82.52,22.672,90.336,12.84,88.336,95.84,0.336,66.68,3
48,17.2,97.8,6.4,96.2,72,8.2,53,0
91.16,24.976,91.488,15.72,89.488,98.72,1.488,72.44,3
96.032,26.032,85.04,17.016,82.048,100.04,0,75.08,4
71.52,21.152,93.152,11.152,91.152,90.76,3.728,62.88,2
96.064,26.064,85.08,17.032,82.096,100.08,0,75.16,4
89.6,24.56,91.28,15.2,89.28,98.2,1.28,71.4,3
99.68,29.68,89.6,18.84,87.52,104.6,0,84.2,4
57.6,19.52,95.52,9.52,94.28,83.8,6.52,58.8,1
70.72,21.072,93.072,11.072,91.072,90.36,3.608,62.68,2
49.4,17.76,98.64,7.52,96.76,77.6,8.76,54.4,0
74.08,21.408,93.408,11.408,91.408,92.04,4.112,63.52,2
96.992,26.992,86.24,17.496,83.488,101.24,0,77.48,4
49.2,17.68,98.52,7.36,96.68,76.8,8.68,54.2,0
51.04,18.208,94.208,8.208,92.312,80.52,5.208,55.52,1
84.68,23.248,90.624,13.56,88.624,96.56,0.624,68.12,3
98.464,28.464,88.08,18.232,85.696,103.08,0,81.16,4
46.24,16.496,96.744,4.992,95.496,64.96,7.496,51.24,0
50.72,18.144,94.144,8.144,92.216,80.36,5.144,55.36,1
47.52,17.008,97.512,6.016,96.008,70.08,8.008,52.52,0
47.08,16.832,97.248,5.664,95.832,68.32,7.832,52.08,0
89.12,24.432,91.216,15.04,89.216,98.04,1.216,71.08,3
45.6,16.24,96.36,4.48,95.24,62.4,7.24,50.6,0
45.68,16.272,96.408,4.544,95.272,62.72,7.272,50.68,0
64.16,20.416,92.416,10.416,90.416,87.08,2.624,61.04,2
92.12,25.232,91.616,16.04,89.616,99.04,1.616,73.08,3
72.64,21.264,93.264,11.264,91.264,91.32,3.896,63.16,2
97.28,27.28,86.6,17.64,83.92,101.6,0,78.2,4
49.56,17.824,98.736,7.648,96.824,78.24,8.824,54.56,0
59.44,19.888,95.888,9.888,94.832,84.72,6.888,59.72,1
92.36,25.296,91.648,16.12,89.648,99.12,1.648,73.24,3
97.44,27.44,86.8,17.72,84.16,101.8,0,78.6,4
80.72,22.192,90.096,12.24,88.096,95.24,0.096,65.48,3
99.936,29.936,89.92,18.968,87.904,104.92,0,84.84,4
99.168,29.168,88.96,18.584,86.752,103.96,0,82.92,4
85.16,23.376,90.688,13.72,88.688,96.72,0.688,68.44,3
97.696,27.696,87.12,17.848,84.544,102.12,0,79.24,4
75.84,21.584,93.584,11.584,91.584,92.92,4.376,63.96,2
45,16,96,4,95,60,7,50,0
98.496,28.496,88.12,18.248,85.744,103.12,0,81.24,4
64,20.4,92.4,10.4,90.4,87,2.6,61,2
81.32,22.352,90.176,12.44,88.176,95.44,0.176,65.88,3
75.52,21.552,93.552,11.552,91.552,92.76,4.328,63.88,2
52,18.4,94.4,8.4,92.6,81,5.4,56,1
66.4,20.64,92.64,10.64,90.64,88.2,2.96,61.6,2
71.84,21.184,93.184,11.184,91.184,90.92,3.776,62.96,2
99.072,29.072,88.84,18.536,86.608,103.84,0,82.68,4
49.24,17.696,98.544,7.392,96.696,76.96,8.696,54.24,0
86.48,23.728,90.864,14.16,88.864,97.16,0.864,69.32,3
46.04,16.416,96.624,4.832,95.416,64.16,7.416,51.04,0
58.96,19.792,95.792,9.792,94.688,84.48,6.792,59.48,1
92.24,25.264,91.632,16.08,89.632,99.08,1.632,73.16,3
97.472,27.472,86.84,17.736,84.208,101.84,0,78.68,4
93.92,25.712,91.856,16.64,89.856,99.64,1.856,74.28,3
67.84,20.784,92.784,10.784,90.784,88.92,3.176,61.96,2
46.28,16.512,96.768,5.024,95.512,65.12,7.512,51.28,0
90.2,24.72,91.36,15.4,89.36,98.4,1.36,71.8,3
50.4,18.08,94.08,8.08,92.12,80.2,5.08,55.2,1
70.88,21.088,93.088,11.088,91.088,90.44,3.632,62.72,2
97.792,27.792,87.24,17.896,84.688,102.24,0,79.48,4
47.96,17.184,97.776,6.368,96.184,71.84,8.184,52.96,0
56.24,19.248,95.248,9.248,93.872,83.12,6.248,58.12,1
96.16,26.16,85.2,17.08,82.24,100.2,0,75.4,4
55.12,19.024,95.024,9.024,93.536,82.56,6.024,57.56,1
61.92,20.192,92.192,10.192,90.192,85.96,2.288,60.48,2
48.08,17.232,97.848,6.464,96.232,72.32,8.232,53.08,0
84.32,23.152,90.576,13.44,88.576,96.44,0.576,67.88,3
47.32,16.928,97.392,5.856,95.928,69.28,7.928,52.32,0
53.04,18.608,94.608,8.608,92.912,81.52,5.608,56.52,1
57.12,19.424,95.424,9.424,94.136,83.56,6.424,58.56,1
84.92,23.312,90.656,13.64,88.656,96.64,0.656,68.28,3
55.04,19.008,95.008,9.008,93.512,82.52,6.008,57.52,1
99.968,29.968,89.96,18.984,87.952,104.96,0,84.92,4
57.92,19.584,95.584,9.584,94.376,83.96,6.584,58.96,1
96.896,26.896,86.12,17.448,83.344,101.12,0,77.24,4
50.8,18.16,94.16,8.16,92.24,80.4,5.16,55.4,1
98.56,28.56,88.2,18.28,85.84,103.2,0,81.4,4
51.84,18.368,94.368,8.368,92.552,80.92,5.368,55.92,1
49.72,17.888,98.832,7.776,96.888,78.88,8.888,54.72,0
83.84,23.024,90.512,13.28,88.512,96.28,0.512,67.56,3
86.84,23.824,90.912,14.28,88.912,97.28,0.912,69.56,3
85.4,23.44,90.72,13.8,88.72,96.8,0.72,68.6,3
80.36,22.096,90.048,12.12,88.048,95.12,0.048,65.24,3
85.64,23.504,90.752,13.88,88.752,96.88,0.752,68.76,3
96.512,26.512,85.64,17.256,82.768,100.64,0,76.28,4
78.72,21.872,93.872,11.872,91.872,94.36,4.808,64.68,2
62.72,20.272,92.272,10.272,90.272,86.36,2.408,60.68,2
84.2,23.12,90.56,13.4,88.56,96.4,0.56,67.8,3
56.4,19.28,95.28,9.28,93.92,83.2,6.28,58.2,1
83.24,22.864,90.432,13.08,88.432,96.08,0.432,67.16,3
90.68,24.848,91.424,15.56,89.424,98.56,1.424,72.12,3
76.16,21.616,93.616,11.616,91.616,93.08,4.424,64.04,2
48.2,17.28,97.92,6.56,96.28,72.8,8.28,53.2,0
97.856,27.856,87.32,17.928,84.784,102.32,0,79.64,4
98.688,28.688,88.36,18.344,86.032,103.36,0,81.72,4
52.24,18.448,94.448,8.448,92.672,81.12,5.448,56.12,1
50.16,18.032,94.032,8.032,92.048,80.08,5.032,55.08,1
45.72,16.288,96.432,4.576,95.288,62.88,7.288,50.72,0
59.12,19.824,95.824,9.824,94.736,84.56,6.824,59.56,1
97.152,27.152,86.44,17.576,83.728,101.44,0,77.88,4
81.8,22.48,90.24,12.6,88.24,95.6,0.24,66.2,3
49.88,17.952,98.928,7.904,96.952,79.52,8.952,54.88,0
52.16,18.432,94.432,8.432,92.648,81.08,5.432,56.08,1
98.624,28.624,88.28,18.312,85.936,103.28,0,81.56,4
98.4,28.4,88,18.2,85.6,103,0,81,4
47.84,17.136,97.704,6.272,96.136,71.36,8.136,52.84,0
48.52,17.408,98.112,6.816,96.408,74.08,8.408,53.52,0
56,19.2,95.2,9.2,93.8,83,6.2,58,1
58.72,19.744,95.744,9.744,94.616,84.36,6.744,59.36,1
48.04,17.216,97.824,6.432,96.216,72.16,8.216,53.04,0
99.744,29.744,89.68,18.872,87.616,104.68,0,84.36,4
47.36,16.944,97.416,5.888,95.944,69.44,7.944,52.36,0
97.824,27.824,87.28,17.912,84.736,102.28,0,79.56,4
66.56,20.656,92.656,10.656,90.656,88.28,2.984,61.64,2
49.84,17.936,98.904,7.872,96.936,79.36,8.936,54.84,0
72.16,21.216,93.216,11.216,91.216,91.08,3.824,63.04,2
84.08,23.088,90.544,13.36,88.544,96.36,0.544,67.72,3
72.8,21.28,93.28,11.28,91.28,91.4,3.92,63.2,2
77.12,21.712,93.712,11.712,91.712,93.56,4.568,64.28,2
99.456,29.456,89.32,18.728,87.184,104.32,0,83.64,4
88.16,24.176,91.088,14.72,89.088,97.72,1.088,70.44,3
52.88,18.576,94.576,8.576,92.864,81.44,5.576,56.44,1
97.888,27.888,87.36,17.944,84.832,102.36,0,79.72,4
54.08,18.816,94.816,8.816,93.224,82.04,5.816,57.04,1
57.36,19.472,95.472,9.472,94.208,83.68,6.472,58.68,1
51.2,18.24,94.24,8.24,92.36,80.6,5.24,55.6,1
63.36,20.336,92.336,10.336,90.336,86.68,2.504,60.84,2
97.984,27.984,87.48,17.992,84.976,102.48,0,79.96,4
98.752,28.752,88.44,18.376,86.128,103.44,0,81.88,4
82.4,22.64,90.32,12.8,88.32,95.8,0.32,66.6,3
66.24,20.624,92.624,10.624,90.624,88.12,2.936,61.56,2
49.76,17.904,98.856,7.808,96.904,79.04,8.904,54.76,0
59.84,19.968,95.968,9.968,94.952,84.92,6.968,59.92,1
87.92,24.112,91.056,14.64,89.056,97.64,1.056,70.28,3
52.48,18.496,94.496,8.496,92.744,81.24,5.496,56.24,1
87.32,23.952,90.976,14.44,88.976,97.44,0.976,69.88,3
55.44,19.088,95.088,9.088,93.632,82.72,6.088,57.72,1
52.96,18.592,94.592,8.592,92.888,81.48,5.592,56.48,1
54.24,18.848,94.848,8.848,93.272,82.12,5.848,57.12,1
53.76,18.752,94.752,8.752,93.128,81.88,5.752,56.88,1
99.584,29.584,89.48,18.792,87.376,104.48,0,83.96,4
78.88,21.888,93.888,11.888,91.888,94.44,4.832,64.72,2
97.952,27.952,87.44,17.976,84.928,102.44,0,79.88,4
57.52,19.504,95.504,9.504,94.256,83.76,6.504,58.76,1
99.712,29.712,89.64,18.856,87.568,104.64,0,84.28,4
60.8,20.08,92.08,10.08,90.08,85.4,2.12,60.2,2
69.92,20.992,92.992,10.992,90.992,89.96,3.488,62.48,2
51.52,18.304,94.304,8.304,92.456,80.76,5.304,55.76,1
91.28,25.008,91.504,15.76,89.504,98.76,1.504,72.52,3
86.12,23.632,90.816,14.04,88.816,97.04,0.816,69.08,3
76.32,21.632,93.632,11.632,91.632,93.16,4.448,64.08,2
56.32,19.264,95.264,9.264,93.896,83.16,6.264,58.16,1
45.4,16.16,96.24,4.32,95.16,61.6,7.16,50.4,0
48.92,17.568,98.352,7.136,96.568,75.68,8.568,53.92,0
94.16,25.776,91.888,16.72,89.888,99.72,1.888,74.44,3
51.76,18.352,94.352,8.352,92.528,80.88,5.352,55.88,1
45.92,16.368,96.552,4.736,95.368,63.68,7.368,50.92,0
91.04,24.944,91.472,15.68,89.472,98.68,1.472,72.36,3
54.8,18.96,94.96,8.96,93.44,82.4,5.96,57.4,1
49.96,17.984,98.976,7.968,96.984,79.84,8.984,54.96,0
51.28,18.256,94.256,8.256,92.384,80.64,5.256,55.64,1
99.36,29.36,89.2,18.68,87.04,104.2,0,83.4,4
47.76,17.104,97.656,6.208,96.104,71.04,8.104,52.76,0
46.96,16.784,97.176,5.568,95.784,67.84,7.784,51.96,0
92.6,25.36,91.68,16.2,89.68,99.2,1.68,73.4,3
68.16,20.816,92.816,10.816,90.816,89.08,3.224,62.04,2
61.28,20.128,92.128,10.128,90.128,85.64,2.192,60.32,2
96.832,26.832,86.04,17.416,83.248,101.04,0,77.08,4
52.72,18.544,94.544,8.544,92.816,81.36,5.544,56.36,1
82.16,22.576,90.288,12.72,88.288,95.72,0.288,66.44,3
63.04,20.304,92.304,10.304,90.304,86.52,2.456,60.76,2
99.232,29.232,89.04,18.616,86.848,104.04,0,83.08,4
63.84,20.384,92.384,10.384,90.384,86.92,2.576,60.96,2
99.424,29.424,89.28,18.712,87.136,104.28,0,83.56,4
60.64,20.064,92.064,10.064,90.064,85.32,2.096,60.16,2
59.2,19.84,95.84,9.84,94.76,84.6,6.84,59.6,1
89.72,24.592,91.296,15.24,89.296,98.24,1.296,71.48,3
46.56,16.624,96.936,5.248,95.624,66.24,7.624,51.56,0
50.08,18.016,94.016,8.016,92.024,80.04,5.016,55.04,1
49.16,17.664,98.496,7.328,96.664,76.64,8.664,54.16,0
46.88,16.752,97.128,5.504,95.752,67.52,7.752,51.88,0
83.72,22.992,90.496,13.24,88.496,96.24,0.496,67.48,3
63.52,20.352,92.352,10.352,90.352,86.76,2.528,60.88,2
96.128,26.128,85.16,17.064,82.192,100.16,0,75.32,4
80.48,22.128,90.064,12.16,88.064,95.16,0.064,65.32,3
45.8,16.32,96.48,4.64,95.32,63.2,7.32,50.8,0
47.16,16.864,97.296,5.728,95.864,68.64,7.864,52.16,0
99.264,29.264,89.08,18.632,86.896,104.08,0,83.16,4
60.32,20.032,92.032,10.032,90.032,85.16,2.048,60.08,2
96.224,26.224,85.28,17.112,82.336,100.28,0,75.56,4
99.008,29.008,88.76,18.504,86.512,103.76,0,82.52,4
50.88,18.176,94.176,8.176,92.264,80.44,5.176,55.44,1
78.24,21.824,93.824,11.824,91.824,94.12,4.736,64.56,2
89.24,24.464,91.232,15.08,89.232,98.08,1.232,71.16,3
47.92,17.168,97.752,6.336,96.168,71.68,8.168,52.92,0
51.68,18.336,94.336,8.336,92.504,80.84,5.336,55.84,1
46.48,16.592,96.888,5.184,95.592,65.92,7.592,51.48,0
82.04,22.544,90.272,12.68,88.272,95.68,0.272,66.36,3
49.64,17.856,98.784,7.712,96.856,78.56,8.856,54.64,0
46.72,16.688,97.032,5.376,95.688,66.88,7.688,51.72,0
67.52,20.752,92.752,10.752,90.752,88.76,3.128,61.88,2
53.28,18.656,94.656,8.656,92.984,81.64,5.656,56.64,1
45.76,16.304,96.456,4.608,95.304,63.04,7.304,50.76,0
46.4,16.56,96.84,5.12,95.56,65.6,7.56,51.4,0
99.52,29.52,89.4,18.76,87.28,104.4,0,83.8,4
46.44,16.576,96.864,5.152,95.576,65.76,7.576,51.44,0
99.2,29.2,89,18.6,86.8,104,0,83,4
53.84,18.768,94.768,8.768,93.152,81.92,5.768,56.92,1
79.52,21.952,93.952,11.952,91.952,94.76,4.928,64.88,2
96.544,26.544,85.68,17.272,82.816,100.68,0,76.36,4
80.6,22.16,90.08,12.2,88.08,95.2,0.08,65.4,3
79.68,21.968,93.968,11.968,91.968,94.84,4.952,64.92,2
98.944,28.944,88.68,18.472,86.416,103.68,0,82.36,4
47.6,17.04,97.56,6.08,96.04,70.4,8.04,52.6,0
81.68,22.448,90.224,12.56,88.224,95.56,0.224,66.12,3
59.92,19.984,95.984,9.984,94.976,84.96,6.984,59.96,1
48.96,17.584,98.376,7.168,96.584,75.84,8.584,53.96,0
48.16,17.264,97.896,6.528,96.264,72.64,8.264,53.16,0
58.4,19.68,95.68,9.68,94.52,84.2,6.68,59.2,1
97.728,27.728,87.16,17.864,84.592,102.16,0,79.32,4
70.24,21.024,93.024,11.024,91.024,90.12,3.536,62.56,2
85.28,23.408,90.704,13.76,88.704,96.76,0.704,68.52,3
46.32,16.528,96.792,5.056,95.528,65.28,7.528,51.32,0
54.48,18.896,94.896,8.896,93.344,82.24,5.896,57.24,1
87.68,24.048,91.024,14.56,89.024,97.56,1.024,70.12,3
99.296,29.296,89.12,18.648,86.944,104.12,0,83.24,4
80.24,22.064,90.032,12.08,88.032,95.08,0.032,65.16,3
98.816,28.816,88.52,18.408,86.224,103.52,0,82.04,4
64.48,20.448,92.448,10.448,90.448,87.24,2.672,61.12,2
99.648,29.648,89.56,18.824,87.472,104.56,0,84.12,4
64.96,20.496,92.496,10.496,90.496,87.48,2.744,61.24,2
82.64,22.704,90.352,12.88,88.352,95.88,0.352,66.76,3
46.52,16.608,96.912,5.216,95.608,66.08,7.608,51.52,0
91.88,25.168,91.584,15.96,89.584,98.96,1.584,72.92,3
64.8,20.48,92.48,10.48,90.48,87.4,2.72,61.2,2
49.04,17.616,98.424,7.232,96.616,76.16,8.616,54.04,0
75.04,21.504,93.504,11.504,91.504,92.52,4.256,63.76,2
87.08,23.888,90.944,14.36,88.944,97.36,0.944,69.72,3
76.64,21.664,93.664,11.664,91.664,93.32,4.496,64.16,2
85.88,23.568,90.784,13.96,88.784,96.96,0.784,68.92,3
99.488,29.488,89.36,18.744,87.232,104.36,0,83.72,4
51.44,18.288,94.288,8.288,92.432,80.72,5.288,55.72,1
58,19.6,95.6,9.6,94.4,84,6.6,59,1
49.48,17.792,98.688,7.584,96.792,77.92,8.792,54.48,0
70.4,21.04,93.04,11.04,91.04,90.2,3.56,62.6,2
72.96,21.296,93.296,11.296,91.296,91.48,3.944,63.24,2
94.4,25.84,91.92,16.8,89.92,99.8,1.92,74.6,3
54.72,18.944,94.944,8.944,93.416,82.36,5.944,57.36,1
80.84,22.224,90.112,12.28,88.112,95.28,0.112,65.56,3
94.64,25.904,91.952,16.88,89.952,99.88,1.952,74.76,3
91.52,25.072,91.536,15.84,89.536,98.84,1.536,72.68,3
97.6,27.6,87,17.8,84.4,102,0,79,4
99.84,29.84,89.8,18.92,87.76,104.8,0,84.6,4
85.52,23.472,90.736,13.84,88.736,96.84,0.736,68.68,3
54.16,18.832,94.832,8.832,93.248,82.08,5.832,57.08,1
55.36,19.072,95.072,9.072,93.608,82.68,6.072,57.68,1
46.16,16.464,96.696,4.928,95.464,64.64,7.464,51.16,0
96.416,26.416,85.52,17.208,82.624,100.52,0,76.04,4
86,23.6,90.8,14,88.8,97,0.8,69,3
79.84,21.984,93.984,11.984,91.984,94.92,4.976,64.96,2
90.8,24.88,91.44,15.6,89.44,98.6,1.44,72.2,3
96.352,26.352,85.44,17.176,82.528,100.44,0,75.88,4
55.6,19.12,95.12,9.12,93.68,82.8,6.12,57.8,1
72,21.2,93.2,11.2,91.2,91,3.8,63,2
84.56,23.216,90.608,13.52,88.608,96.52,0.608,68.04,3
59.76,19.952,95.952,9.952,94.928,84.88,6.952,59.88,1
83,22.8,90.4,13,88.4,96,0.4,67,3
74.24,21.424,93.424,11.424,91.424,92.12,4.136,63.56,2
45.24,16.096,96.144,4.192,95.096,60.96,7.096,50.24,0
49.44,17.776,98.664,7.552,96.776,77.76,8.776,54.44,0
66.72,20.672,92.672,10.672,90.672,88.36,3.008,61.68,2
54,18.8,94.8,8.8,93.2,82,5.8,57,1
94.52,25.872,91.936,16.84,89.936,99.84,1.936,74.68,3
47.56,17.024,97.536,6.048,96.024,70.24,8.024,52.56,0
47.64,17.056,97.584,6.112,96.056,70.56,8.056,52.64,0
47.48,16.992,97.488,5.984,95.992,69.92,7.992,52.48,0
97.12,27.12,86.4,17.56,83.68,101.4,0,77.8,4
69.28,20.928,92.928,10.928,90.928,89.64,3.392,62.32,2
98.976,28.976,88.72,18.488,86.464,103.72,0,82.44,4
45.64,16.256,96.384,4.512,95.256,62.56,7.256,50.64,0
99.104,29.104,88.88,18.552,86.656,103.88,0,82.76,4
99.328,29.328,89.16,18.664,86.992,104.16,0,83.32,4
93.56,25.616,91.808,16.52,89.808,99.52,1.808,74.04,3
57.76,19.552,95.552,9.552,94.328,83.88,6.552,58.88,1
56.96,19.392,95.392,9.392,94.088,83.48,6.392,58.48,1
55.84,19.168,95.168,9.168,93.752,82.92,6.168,57.92,1
48.32,17.328,97.992,6.656,96.328,73.28,8.328,53.32,0
94.04,25.744,91.872,16.68,89.872,99.68,1.872,74.36,3
97.76,27.76,87.2,17.88,84.64,102.2,0,79.4,4
67.2,20.72,92.72,10.72,90.72,88.6,3.08,61.8,2
57.84,19.568,95.568,9.568,94.352,83.92,6.568,58.92,1
54.64,18.928,94.928,8.928,93.392,82.32,5.928,57.32,1
93.68,25.648,91.824,16.56,89.824,99.56,1.824,74.12,3
98.592,28.592,88.24,18.296,85.888,103.24,0,81.48,4
88.88,24.368,91.184,14.96,89.184,97.96,1.184,70.92,3
73.6,21.36,93.36,11.36,91.36,91.8,4.04,63.4,2
62.4,20.24,92.24,10.24,90.24,86.2,2.36,60.6,2
82.88,22.768,90.384,12.96,88.384,95.96,0.384,66.92,3
59.04,19.808,95.808,9.808,94.712,84.52,6.808,59.52,1
71.68,21.168,93.168,11.168,91.168,90.84,3.752,62.92,2
48.4,17.36,98.04,6.72,96.36,73.6,8.36,53.4,0
46.08,16.432,96.648,4.864,95.432,64.32,7.432,51.08,0
97.024,27.024,86.28,17.512,83.536,101.28,0,77.56,4
53.2,18.64,94.64,8.64,92.96,81.6,5.64,56.6,1
65.44,20.544,92.544,10.544,90.544,87.72,2.816,61.36,2
98.144,28.144,87.68,18.072,85.216,102.68,0,80.36,4
58.8,19.76,95.76,9.76,94.64,84.4,6.76,59.4,1
69.6,20.96,92.96,10.96,90.96,89.8,3.44,62.4,2
48.44,17.376,98.064,6.752,96.376,73.76,8.376,53.44,0
97.504,27.504,86.88,17.752,84.256,101.88,0,78.76,4
58.64,19.728,95.728,9.728,94.592,84.32,6.728,59.32,1
73.92,21.392,93.392,11.392,91.392,91.96,4.088,63.48,2
45,16.96,98,5,98,70,7.96,56,0
41.56,17.89,96.6,5.59,98.67,70.81,8.23,50.32,0
62.2,19.1,95,8.2,93.3,82.5,6,60,1
75.053,22.78,93.795,12.32,90.37,90.294,2.89,61.398,2
100,30.25,79.43,18.322,55,128.2,0,76,4
90.741,22.33,90.94,17.095,89.053,95.907,1.7,68.7,3
88.342,22.338,92.678,17.88,89.39,99.152,2.4,68.37,3
53.247,20.737,92.115,8.08,93.739,83.885,6.6,56.354,1
47.19,18.925,96.216,7.862,95,75,8.2,53.81,0
76.19,22.408,92.03,12.607,90,90,5.3,62.805,2
86.43,22.52,91.55,16.75,90.7,98.8,0.8,67.3,3
80.45,20.377,92.2,11.61,91.22,89.52,5.522,65,2
55.74,18,91.8,10.399,94.69,80.842,6.08,58.11,1
100,30.25,79.43,18.32,55,128.2,0,76.33,4
43.67,18.292,96.94,7.26,95.55,62.29,7.3,53.36,0
54.95,18.48,91.46,9.193,93.49,80.335,7.56,58.234,1
69.78,21.194,94.792,10.4,90.16,86.03,2.55,63.54,2
80.05,22.99,90.74,16.81,89.61,95.95,1.4,70.07,3
54.718,19.18,93.66,8,93,85.63,6.42,60.6,1
85.603,23.65,90.35,14.17,90.22,95,0,65.54,3
58.14,18.82,93.19,8.15,94.3,84.511,6.97,55.58,1
94.853,26.75,53.67,20.4,77.9,96.09,1,66.78,4
70.408,22.11,93.05,12.81,91.2,92.6,3.379,63.83,2
44.89,18.85,96.76,7.97,97,97,9.02,51.6,0
52.92,20.62,20.62,8.45,93.97,82.5,7.94,55.88,1
61.401,21.74,93.09,12.46,90.35,87.471,4.9,61.493,2
83.52,25.71,92.089,17.88,89.95,97.02,0,74.845,3
50.14,17.76,96.132,5.82,95.47,61.89,7.83,53.901,0
77.65,20.66,94.85,10.61,92.78,93.77,2.712,60.5,2
85.38,25.61,90.97,17.378,89.2,96.27,1.54,76.33,3
100,30.25,79.43,18.322,55,128.2,0,76.33,4
82.1,23.86,90.28,16.253,90.56,96.72,1.87,72.31,3
52.12,20.95,91.019,8.04,94.83,81.86,6.42,57.67,1
43.12,17.68,98.05,8.83,95.32,60.09,8.64,54.49,0
62.88,20.435,94.31,12.2,91.56,94,3,63.69,2
75,20.22,92.442,10.4,90,85.063,3.133,60.75,2
82.109,25.42,91.393,17.364,88.145,96.72,1.5,66.169,3
54.81,20.86,91.118,9.7,93.59,85.91,7.13,59.478,1
80.21,22.2,90.23,16.03,88.25,96.02,0.764,73.055,3
90,25.492,91.45,15.5,88,96.162,2,65.893,3
49.47,18.87,97.3,8.384,97.366,65.08,9.73,53.923,0
76.5,21.88,92.34,11.98,90.16,90.94,4.922,65.54,2
100,35.88,101.6,19.2,72.9,99.9,0,65.8,4
40.53,16.49,99.09,4.46,96.1,77.11,8.085,51.89,0
87.764,25.161,91.644,13.9,90.01,98.71,1.4,69,3
64.425,21.14,93.19,11.81,92.784,93.41,4.97,62.88,2
80.392,23.55,90.8,14.9,90.51,99.24,0.857,70.05,3
50.46,18.578,93.92,8.639,93.5,85.733,7.66,59.82,1
47.74,17.158,96.01,4.102,95.51,60.73,7.94,50.38,0
60.91,21.07,93.25,10.15,91.71,90.29,2.37,60.09,2
54.34,18.77,91.42,6.34,95.98,84.75,5.35,55.93,1
40,17.62,97.48,7.823,95.65,71.982,8.05,51.43,0
89.68,25.94,90.8,14.31,90.39,96.022,0.355,65.67,3
55.84,20.26,91.141,8.51,92.67,82.752,5.63,55.23,1
66.12,22.74,92.473,10,92.429,94.42,4.894,62.21,2
80.99,24.55,92.23,15.268,88.72,98.569,0.389,67.81,3
42.75,16.71,99.64,6.636,97.15,66.13,9.684,52.9,0
67.24,20.06,93.2,10.766,90.57,87.77,3.002,65.001,2
58.675,18.98,93.701,10.53,92.201,80.421,6.829,58.73,1
81.776,23.746,91.764,15.341,90.64,98.692,1.793,68.972,3
64.72,21.072,94.469,12.43,91.483,88.92,3.57,65.25,2
40.81,16.51,96.26,4.763,97.78,74.95,7.869,53.21,0
60.514,18.87,91.011,10.341,94.46,80.36,6.154,60.927,1
85.97,24.29,92.31,13.95,90.61,97.33,0.038,68.369,3
95.99,30.64,88.345,22.43,75.89,100.089,0.003,75.789,4
82.4,25.58,90.81,16.46,89.88,96.07,0.549,68.58,3
63.884,21.438,93.652,11.351,90.99,93.79,5.393,65.102,2
48.94,18.033,97.81,7.38,95.251,70.567,7.319,54.66,0
73.89,22.497,92.76,12.05,91.5,91.52,5.178,65.77,2
59.46,19.38,92.055,10.69,94.07,83.17,5.236,58.7,1
90.3,24.38,92.84,15.753,88.55,100.17,0.18,67.09,3
40.83,16.37,98.64,7.501,95.07,68.75,9.149,51.28,0
69.479,20.9,94.93,11.26,92.9,88.774,2.49,64.88,2
87.069,23.995,91.34,13.74,88.88,100.038,0.879,74.549,3
44.42,16.621,96.763,4.603,96.307,79.98,7.13,54.909,0
68.568,21.593,92.744,11.805,91.636,90.951,5.498,62.901,2
51.038,19.892,92.496,10.716,95.551,85.015,7.434,56.237,1
61.548,20.23,93.5,11.544,91.289,94.595,4.873,65.67,2
58.7,18.39,91.53,9.15,94.09,80.65,7.51,60.853,1
81.72,24.96,90.03,16.64,90.62,99.76,1.938,69.69,3
44.876,17.083,98.21,6.441,95.893,67.036,7.227,51.018,0
60.933,20.392,93.32,10.029,93.209,85.05,5.757,59.073,1
80.879,22.46,94.136,11.5,91.41,87.525,2.764,61.46,3
41.533,16.413,97.098,7.726,97.599,60.16,7.589,50.485,0
111.34,32.89,88.67,19.8,77.678,101.345,0.9,65,4
89.76,22.256,91.467,12.96,90.621,100.651,2.738,74.569,3
72.13,21.316,93.065,12.747,90.579,88.141,4.375,65.826,2
42.066,17.362,96.244,4.222,96.211,63.302,9.038,54.945,0
57.753,19.166,91.791,8.981,95.144,85.827,7.5,56.34,1
51.895,20.134,91.081,8.398,95.437,80.662,6.088,58.406,1
88.043,25.773,90.77,16.44,90.456,98.83,2.182,65.05,3
73.249,21.815,94.317,10.729,91.042,90.607,2.496,61.551,2
49.697,17.646,98.067,4.095,97.471,80.254,7.835,52.947,0
55.86,18.55,92.28,10.71,93.173,80.372,6.673,56.45,1
68.086,20.564,93.112,10.418,90.972,91.792,3.286,64.336,2
86.506,23.041,92.488,16.128,88.452,96.978,0.653,72.592,3
59.582,19.4,92.39,8.484,93.391,81.883,7.6,57.927,1
40.85,16.492,97.76,6.42,97.095,76.561,8.62,53.066,0
104.589,26.78,67.987,17.995,76.5,120.01,0,55.87,4
54.102,18.27,92.801,8.852,93.892,85.365,6.293,55.782,1
48.42,17.9,98.54,8.117,95.49,63.826,7.062,51.85,0
76.676,21.63,92.175,11.393,91.789,85,2,64.895,2
44.99,18.9,96.27,7.46,96.8,61.47,8.696,52.394,0
72.95,21.306,93.434,12.81,91.4,87.906,4.98,65,2
83.43,25.92,92.75,15.87,90.61,100.14,2.7,73.58,3
41.66,17.89,98.01,6.96,95.56,72.96,9.05,51.4,0
56.069,18.75,93.69,9.147,93.261,84.392,6.644,56.658,1
49.05,18.301,95.752,6.67,95.67,68.02,8.2,51.3,0
61.117,22.649,92.65,12.7,92.89,87.395,2.824,60.8,2
80.79,21,92.944,10.692,91.016,95.376,3,62.617,2
41.138,16.012,98.83,8.9,96.546,73.436,8.92,52.969,0
87.29,22.38,92.93,16.77,90.27,97.77,2.3,66.808,3
41,18.67,96.18,7.6,96.403,71.03,7.9,54.814,0
50.3,20.22,93.8,8.77,95.2,80,5.6,60.5,1
99.1,32.2,89.94,20.2,80.81,100.09,1,82.3,4
66.206,20.877,94.873,10.478,90.352,90,2,62.34,2
97.6,16.03,97.5,17.75,93.65,78.114,9.9,51.369,0
53.4,19.568,93.03,10.7,94.17,85.07,6.56,57.21,1
71.062,20.825,92.65,11.09,92.751,85.953,3.858,63.182,2
85.82,22.33,90.05,14.24,89.27,97.409,1.379,66.7,3
50.57,17.511,97.453,4.613,95.628,65.225,8.435,51.077,0
45.89,16.57,97.74,7.5,95.09,62.5,7.2,50.4,0
59.75,18.55,93.74,9.2,94.92,80.85,5.9,60.88,1
78.645,20.34,94.11,12.751,90,93.01,92.615,61.85,2
40.37,17.7,98,5.8,97.5,79.77,8.36,51.57,0
59.75,90.51,93.22,10.55,92.51,85.99,5.23,56.23,1
90.822,23.154,91.899,14.601,88.085,98.142,1.785,71.68,3
93.35,28.12,83.35,19.29,80.12,105.04,0,79.29,4
63.526,20.179,93.746,11.821,91.052,95.856,3.001,64.05,2
79.899,21.282,94,11.43,92.954,88,4.369,63.565,2
89.58,22.616,90.973,13.4,90.202,97.03,0.735,74.083,3
92.403,32.33,88.8,25.05,79.4,104.04,0,79.92,4
58.03,20.6,91.07,8.6,93.38,81.33,7.3,59.394,1
44.699,18.66,99.5,8.43,96.7,73.63,8.47,52.32,0
67.4,20.733,94.529,12.312,19.42,94.3,5,62.01,2
84.54,24.3,92.1,14.12,90.61,99.84,1.86,65.922,3
70,22.379,93.622,10.534,92.748,95.202,2.93,65.777,2
49.42,16.009,96.948,7.342,97.581,70.424,7.305,52.828,0
50.003,20.389,93.3,90.276,94.212,82.929,5.02,59.23,1
99.95,35.6,89.9,26.61,80.81,109.01,0,76.66,4
65.514,20.425,92.85,11.51,92.914,87.997,2.2,61.519,2
86.308,24.252,91.762,15.765,90.721,100.8,2.3,67,3
57.625,19,90.94,8.27,94.65,81.14,5.9,58.7,1
46.46,18.253,96.278,5.627,96.229,76.112,7.658,50.234,0
52.29,20.02,92.33,8.57,96.77,82.35,7.15,56.575,1
61.864,20.412,94.025,11,90.72,87.2,2,64.22,2
53.23,90.67,92.69,8.795,93.553,85.79,6.89,55.212,1
53.33,18.535,91.77,8.576,92.432,86.337,6.92,60.345,1
67.9,22,93.94,11,22.092,93.874,2.97,61.45,2
84.528,25.18,92.997,13.774,90.852,96.023,0.917,73.204,3
80.22,22.32,90.03,15.45,88.68,95.205,0.67,71.669,3
63.8,21.54,93.623,10.294,91.131,93.706,2.606,64.652,2
57.73,20.87,93.39,9.09,93.6,83.7,7.3,58.3,1
90.955,23.625,91.526,16.123,90.979,97.05,2.99,65.55,3
75.43,20,92.595,10.9,92.25,85.685,4.076,65.98,2
101.01,36.5,92.1,27.02,88.01,111,1,86,4
54.319,18.17,1.6161,8.79,92.33,84.39,5.75,60.1,1
66.38,22.28,94.765,11.561,90.3,80.477,2.263,63.199,2
88.88,25.03,90.43,12.02,89.29,99.2,1.49,71.49,3
73.105,20.901,92.044,10.71,90.944,95.987,3.3,64.405,0
63.21,21.33,92.39,10.38,91.67,93.62,4.64,63.17,2
85.865,24.542,91.206,14.086,88.031,97,2.599,68.16,3
79.006,20.793,93.98,12.953,91,89.52,5.3,65.292,2
46.71,16.92,99.47,5.6,96.02,63.551,8.58,54.76,0
89.08,24.286,91.09,15.93,59.38,99.29,0.5,74.83,3
69.544,20.841,94.11,11.16,90.958,90.276,2.76,64.88,2
44.39,17.05,99.104,7.659,97.662,60.912,9.383,54.669,0
59.08,18.39,93.65,10.52,92.5,82.5,6.8,58.72,1
68.785,20.9,93.236,11.099,91.167,92.415,4,62.608,2
79.332,22.125,92.854,10.32,90.664,90.285,3.432,60.73,2
41.45,17.27,98.229,8.781,95.355,75.107,9.701,54.972,0
81.9,24.55,92.11,13.34,89.135,95.507,2.719,70.765,3
63.503,20.198,93.245,10.02,90.47,95.432,4.682,61.388,2
93.32,29.21,81.11,26.66,80.03,102.265,0.5,76.4,4
83.13,25.76,91.125,13.849,89.541,98.544,1.43,67.115,3
46.143,17.388,98.318,7.716,97.592,61.978,9.15,50.674,0
65.7,22.97,93.59,12.26,92.504,90.201,3.3,65.65,2
57.45,19.34,91.455,8.229,95.73,80.944,6.26,55.55,1
90.709,24.096,90.28,12.617,88.677,100.01,0.85,69.03,3
44.736,16.775,97.818,6.2,96.887,63.475,8.943,51.679,0
52.65,19.53,92.46,8.62,95.55,82.11,5.32,59.59,1
89.106,22.374,92.4,12.594,89.488,97.19,0.514,65.839,3
60.1,20.984,92.555,10.683,92.276,86.12,3.55,61.083,2
79.604,20.242,94.38,11.424,92.275,91.115,5.433,65.633,2
59.16,18.548,91.5,8.02,93.9,80.17,6.6,56.26,1
44.06,16.39,98.23,6.77,97.43,80.713,8.17,52.053,0
51.02,19.21,91.21,10.34,93.313,81.741,5.247,59.901,1
76,22.666,93.002,10.67,91.87,89.97,5.011,62.21,2
48.47,18.92,98.89,5.7,96.085,77.116,8.876,53.229,0
88.482,25.324,92.647,15.502,90.31,100.932,0.016,65.196,3
50.8,18,98.3,6.294,96.303,62.356,7.2,54.95,0
64.4,20.6,93.35,10.45,91.2,89.37,4.15,62.36,2
56.16,20,93.4,10.55,94.522,83.95,6.7,59.61,1
87.561,23.544,92.25,12.4,88.923,95.17,1.5,70.092,3
46.5,16.86,97,5.725,95.252,63.523,7.974,53.442,0
79.99,22.84,93.284,10.954,92.49,92.6,2.3,6.03,2
85.8,24.502,92.292,15,90.491,96.98,2.366,70.814,3
49.8,16.89,99.931,8.522,97.365,73.272,9.11,53.902,0
97.6,29.9,19.99,20.3,79,102.11,1,79.99,4
64.69,21,92.02,12.328,92.384,95.63,4.4,61.42,2
87.93,24.4,91.55,13.418,88.786,93.228,0.864,70.42,3
59.6,20.78,92.64,8.2,95.86,85.51,7.751,55.21,1
47.032,16.79,97.129,7.65,96.418,73.688,8.403,54.597,0
42.793,16.78,98.88,4.704,97.92,66.03,7.091,51.159,0
87.625,25.59,90.18,15.25,89.94,97.934,1.48,71.74,3
58.816,20.07,93.29,9.688,95.079,80.276,6.604,55.691,1
48.171,18.135,100,6.89,95.23,77.106,8.715,50.464,0
76,22.28,94.877,10.954,91.908,94.205,4.94,64.83,2
42.249,18.817,98.863,5.621,96.53,62.59,7.316,53.33,0
51.129,19.624,92.387,10.153,94.748,83.29,6.036,58.215,1
87.96,24.65,90,12.6,88.45,99.7,2,65.67,3
46.583,16.253,99.8,5.04,95.48,63.596,8.92,50.148,0
96,27,79.67,17.7,45.98,124.5,0,78.67,4
78.39,22.167,94.18,11.86,92.606,95.256,3.83,61.417,2
51.82,18.104,93.042,9.256,92.54,83.82,7.279,59.744,1
44.59,18.52,99.352,4.48,96.832,74.6,9.42,51.68,0
88.229,24.78,92.98,16.95,88,96.04,1.291,69.79,3
65.53,22,93.1,12.116,91.35,92.144,4.655,65.02,2
55.484,19.875,91.44,8.64,94.717,81.821,5.634,60.719,1
45.66,18.51,96.694,6.918,96.26,68.533,9.619,53.52,0
93.56,26.68,80.53,17.68,67.45,102.67,0,78.56,4
90.36,25.46,90.427,15.907,88.336,99.89,2.97,72.505,3
56.183,18,91.011,9.281,95.467,83.796,5.376,58.204,1
64.17,20.19,92.657,12.331,92.51,87.727,4,60.238,2
86,25.16,91.57,16.235,89.123,96.17,0.121,67.83,3
57.609,20.725,92,10.78,94.956,84.676,7.619,55.397,1
66.755,22.772,93.02,12.216,91.107,95.138,3.175,74.797,2
44.484,16.86,97.65,4.76,96.772,71.733,9.69,50.08,0
72.67,21.98,94.898,12.92,90.022,92.715,3.43,63.604,2
94.56,25.67,82.58,17.86,85.45,105.46,0,79.43,4
57.993,19.345,91.39,8.19,92.37,80.682,7.161,56.437,1
85.84,22.285,91.42,16.323,89.013,95.17,2.39,66.28,3
78.947,21.682,94.261,12.858,92.941,88.511,2.278,64.87,2
50.83,17.583,97.778,6.72,95.673,72.143,9.246,54.716,0
59.15,19.108,92.241,8.399,94.237,81.838,5.06,56.426,1
98.45,30.45,86.45,19.85,80.16,111.46,0,78.43,4
79.57,22.699,92.08,12.123,91.322,85.467,5.65,62.12,2
52.789,20.05,93.96,10.52,93.66,83.013,7.714,55.161,1
90.23,25.19,92.571,12.71,90.455,96.775,2.13,70.96,3
45,18.89,99.3,7.25,97.326,67.742,9.813,51.99,0
52.187,18.693,91.865,8.337,95.737,80.454,5.06,58.664,1
81.52,24.405,90.98,17.157,89.46,99.415,1.06,70.588,3
46.574,18.347,98.92,5.307,95.56,71.962,9.153,51.95,0
97.68,28.67,78.42,17.97,65.46,123.79,0,83.86,4
77.23,22.12,93.076,12.95,91.94,94.92,2.546,61.204,2
59.784,20.502,92.95,8.508,95.856,84.5,5.076,57.73,1
96.59,28.64,85.69,22.783,84.59,108.91,0,84.78,4
59.16,18.142,91.758,9.57,92.237,85.7,7,60.207,1
47.867,17.662,96.249,8.466,96.407,74.455,8.259,50.958,0
98.63,28.74,84.421,19.52,59.84,106.84,0,86.74,4
49.233,16.888,98.894,8.927,97.216,69.35,7.781,51.21,0
66.135,21.316,93.99,11.4,90.59,90.08,3.91,62.457,2
56.315,19.465,93.01,9.671,92,82.262,6.12,60.828,1
84.66,24.14,92.208,14.141,88.789,98.6,0.88,75.327,3
50.832,18.844,96.351,5.642,97.205,80.276,9.067,51.334,0
105.67,29.74,85.47,25.73,76.457,121.67,0,77.53,4
59.9,19.84,91,10.33,94.43,81.96,6.58,60.09,1
98.59,32.63,67.89,19.67,85.73,102.47,0,79.39,4
89.307,24.215,91.138,14.131,89.913,95.98,0.5,74.82,3
84.74,24.225,92.2,12.371,91,95.75,2.042,72.581,3
97.47,26.85,85.38,16.75,55.78,113.65,0,83.68,4
45.23,17.68,97.91,4.791,97.552,64.44,7.912,51.568,0
82.89,23.611,91.305,17.904,91,99,1.99,71.124,3
74.5,21.72,92.126,11.622,90.541,91.306,5.391,65.212,2
104.58,28.63,75.86,22.68,76.85,103.69,0,87.84,4
53.363,20.573,93.516,10.843,95.653,83.93,5.592,57.827,1
88.9,25.613,90.76,14.301,88.34,99.2,2.695,69.02,3
95.67,40.58,67.85,30.42,68.97,100.91,0,79.64,4
47.899,18.98,98.02,4.19,95.291,67.274,9.584,53.899,0
54.66,18.35,91.39,10.577,94.07,85.334,7.104,59.658,1
66.12,21.89,94.949,11.92,91.72,94.89,5.662,65.403,2
85.122,24.82,91.155,15.467,90.8,99.3,1.26,69.77,3
97.63,37.52,63.74,32.67,67.45,103.58,0,100.76,4
83.345,25.3,91,14.5,89,100,0.15,75.151,3
49.644,18.395,99.884,5.917,95.245,70.05,7.186,53.903,0
58.93,20.8,92.826,10.39,95.42,85.024,7.936,55.069,1
84.45,22.72,92.91,13.44,89.69,99.62,2.49,65.76,3
105.78,27.69,78.93,20.84,75.83,109.63,0,86.68,4
45.525,18.472,99.343,8,95.55,70.29,8.636,5.45,0
83.152,25.525,91.181,12.84,90.401,96.28,2.86,67.15,3
80.349,25.595,92.016,15.087,89.588,98.067,1.677,75.411,3
53.286,19.577,91.97,8.655,95.45,80.752,6.64,60.92,1
43.839,16.983,98.304,7.109,95.662,72.6,8.371,51.13,0
91.58,27.65,83.32,18.543,76.75,103.59,0,89.63,4
74.974,20.47,93.06,11.426,90.124,91.907,3.56,63.05,2
81.836,22.96,90.33,12.536,88.324,98.4,1.732,74.285,3
43.643,16.753,97.067,4.581,97.84,77.021,7.088,54.09,0
99.98,29.67,88.97,18.82,83.621,107.672,0,79.61,4
46.513,16.397,100,4.217,96.443,62.209,9.296,50.242,0
79.24,21.414,92.29,11.94,91.44,90.445,4.369,60.52,2
98.76,25.785,88.647,17.98,85.63,108.63,0,78.69,4
85.25,25.671,92.07,12.831,88.06,97.211,0.14,74.728,3
56.093,18.172,92.323,9.52,94.895,82.189,6.271,59.6,1
46.98,17.74,96.165,8.05,97.455,75.338,9.9,52.25,0
112.58,28.65,89.7,19.74,85.67,104.367,0,77.653,4
79.243,21.414,92.289,11.94,91.44,90.6,4.36,60.522,2
46.552,17.077,97.746,5.345,95.531,62.516,8.16,51.5,0
80.689,24.92,92.847,15.184,89.22,100.15,1.68,71.117,3
55.276,18.197,93.716,8.82,93.689,83.3,5.29,57,1
98.76,34.52,88.76,23.64,86.64,106.63,0,79.84,4
48.702,17.95,96.92,4.328,97.12,77.829,8.203,51.05,0
62.812,21.541,92.384,12.98,92.7,88.45,5.143,64.273,2
50.263,18.281,97.077,4.594,97.602,78.05,7.909,54.22,0
69.84,22.38,94.68,10.81,92.17,94.39,2.765,65.73,2
48.53,18.609,96.635,4.142,97.254,70.35,8.945,53.835,0
51.08,18.99,92.31,10.665,94.893,83.437,7.647,59.42,1
92.9,30.115,68.9,18.2,55.56,125.9,0,78.9,4
66.021,22.651,94.297,10.908,90.116,87.113,2.612,61.782,2
59.453,19.249,93.82,9.1,95.791,81.007,6.597,59.192,1
48.969,17.821,96.94,5.477,95.84,67.7,8.033,52.421,0
61.303,22.418,11.79,11.79,91.96,85.4,4.328,61.35,2
57.759,20.39,93.235,10.648,93.2,81.32,5.924,58.993,1
89.549,24.76,91.47,15.108,88.132,96.62,1.29,65.691,3
53.016,20.81,92.93,9.205,95.087,95.087,7.317,57.24,1
97.88,34.98,65.12,19.765,57.33,120.67,0.23,77.89,4
45.852,16.179,99.205,6.064,96.445,65.765,9.621,52.685,0
80.969,22.583,91.774,12.903,88.641,99.18,0.54,66.538,3
70.322,20.62,94.83,11.796,90.312,85.382,4.663,65.595,0
55.704,19.312,92.167,9.254,95.709,82.393,7.323,59.759,1
60.97,20.92,93.346,10.291,90.052,91.836,4.467,60.84,2
73.266,22.35,93.21,11.43,91.03,90.138,2.193,65.862,2
50.14,16.261,98.759,8.697,96.89,68.6,8.505,53.008,0
84.345,25.64,91.76,16.578,88.428,96.54,1.187,69.138,3
60.426,21.34,94.327,10.43,91.7,89.064,4.23,65.088,2
50.448,19.278,91.85,9.81,95.434,84.857,6.827,58.482,1
85.11,24.014,92.575,17.539,89.65,98.016,1.94,70.022,3
73.642,20.28,94.987,10.12,90.74,94.39,5.795,61.42,2
58.612,18.28,92.91,8.65,93.982,83.095,6.57,59.929,1
43.296,16.437,99.58,7.896,96.217,77.05,8.372,52.435,0
85.559,22.95,92,12.07,12.07,96.546,1.985,72.916,3
89.965,25.89,90.128,13.34,89.064,97.5,0.075,66.078,3
69.923,20.861,93.658,12.44,91.239,88.09,3.175,65.893,2
45.62,16.39,16.39,5.33,95.649,61.547,7.787,50.9,0
58.275,19.11,91.24,10.597,94.87,81.213,7.096,58.299,1
88.087,24.517,92.52,12.546,88.465,97.282,2.815,71.596,3
67.083,22.517,92.927,11.567,91.42,93.034,4.188,62.102,2
84.076,25.193,92.279,13.153,88.993,100.858,0.106,65.562,3
57.38,18.95,92.789,8.195,93.69,84.68,6.443,55.4,1
42.914,16.66,98.936,8.503,96.778,69.197,9.97,51.919,0
89.603,24.66,90.092,14.577,90.919,100.66,1.3,66.62,3
67.932,22.725,94.91,12.666,91.132,86.346,2.259,65.7,2
48.06,17.118,97.559,4.113,95.13,74.32,7.015,53.034,0
63.659,21.966,93.706,10.072,92.271,89.195,5.33,65.97,2
81.901,23.61,92.705,16.076,90.724,99.92,2.151,73.46,3
60.337,18.415,92.311,9.673,94.017,84.241,7.899,59.669,1
40.81,16.437,99.808,4.197,97.99,72.47,7.44,50.391,0
54.51,16.062,99.851,8,96.72,80.82,7.12,54.9,0
60.28,19.67,93.68,9.28,95.368,84.05,7.515,58.27,1
80.659,23.29,91.895,13.947,89.47,98.795,1.957,68.459,3
71.45,20.88,92.406,10.616,92.106,91.043,2.184,63.224,2
40.52,16.03,98.563,4.653,96.061,60.819,7.749,51.344,0
47.083,18.201,98.281,8.25,95.639,68.249,8.582,54.434,0
69.17,21.343,94.102,11.259,91.73,87.025,5.388,63.655,2
58.74,20.2,91.704,8.626,93.36,84.42,6.821,58.89,1
80.418,22.466,90.598,14.572,90.31,96.6,2.97,68.5,3
56.63,20.253,93.83,8.544,93.3,82.253,7.26,57.321,1
64.109,22.42,92.079,12.761,90.41,92.376,5.321,61.827,2
42.332,18.65,98.01,5.408,96.613,65.501,7.924,51.131,0
84,23.11,92.47,13.75,88.53,98.741,0.63,70.381,3
51.793,20.77,91.88,9.104,93.46,84.93,6.435,56.378,1
100.01,26.9,72.23,18.678,43.123,125.63,0.78,100.9,4
49.531,18.6,98.23,6.409,95.976,75.298,8.451,50.4,0
55.407,20.162,92.945,9.42,93.287,81.074,6.724,59.32,1
80.424,25.188,90.051,15.71,89.937,96.893,0.692,73.875,3
65.192,21.979,94.126,10.364,91.078,93.041,4.336,61.99,2
88.194,23.31,91.31,15.669,88.74,97.951,1.473,73.172,3
62.047,20.415,93.083,11.47,91.698,86.765,4.779,64.29,2
60.549,20.995,91.399,10.374,93.105,85.957,5.329,59.36,1
88.766,23.544,90.464,17.462,88.948,98.126,0.886,65.111,3
50.155,19.943,91.84,10.337,95.48,80.595,6.38,60.18,1
40.737,18.285,99.819,5.944,97.026,78.274,9.926,53.514,0
88.247,22.225,91.174,15.58,89.974,98.64,0.278,66.376,3
45.936,16.497,97.84,4.247,97.085,66.166,8.383,51.503,0
60.32,18.55,92.64,10.57,92.467,82.46,6.487,60.478,1
64.462,22.23,94.5,12.467,91.295,92.27,3.62,61.099,2
86.77,23.62,90.578,15.007,90.767,99.272,0.6,71.085,3
50.68,20.696,91.97,10.33,94.331,82.93,6.57,58.84,2
54.23,20.404,93.527,9.077,93.27,80.22,6.75,59.098,1
50.686,17.529,96.564,6.756,97.902,77.623,8.387,54.51,0
84.003,22.936,91.732,16.383,88.92,99.82,1.357,69.624,3
58.626,19.596,91.485,8.695,94.39,85.7,7.438,55.448,1
46.96,16.38,97.959,5.857,96.542,65.855,9.309,51.969,0
78.971,20.496,92.998,12.81,91.938,87.6,5.394,60.3,2
62.45,22.004,92.243,11.576,90.832,86.469,3.17,65.571,2
90.87,25.49,91.09,13.26,89.054,95.573,0.912,71.37,3
60.305,19.271,93.89,9.787,92.219,83.024,5.268,60.071,1
41.002,18.32,97.873,8.065,95.317,78.257,7.644,52.973,0
55.984,20.17,92.098,8.211,94.81,82.537,7.206,60.88,1
61.934,21.4,94.908,10.804,92.362,85.77,2.859,62.946,2
43.4,18.192,97.484,5.984,97.607,66.007,8.368,51.76,0
90.346,22.302,91.112,13.313,89.93,95.81,0.302,75.32,3
54.289,19.4,91.15,8.288,95.21,85.87,7.334,59.86,1
89.97,25.376,91.58,15.81,89.57,100.44,0.938,71.2,3
51.19,18.049,91.806,9.648,95.398,85.14,5.335,56.67,1
42.121,17.08,98.123,5.579,97.178,70.332,7.494,54.508,0
60.14,21.83,94.3,10.53,91.235,89.663,5.824,61.96,2
59.834,19.167,92.837,8.369,93.715,83.923,7.707,58.73,1
76.05,22.37,93.109,11.215,91.552,89.186,5.669,61.74,2
67.755,21.501,93.4,11.587,92.41,92.27,4.515,65.123,2
91.89,25.909,78.9,18.2,77.82,111,0.45,53,4
86.002,24.53,90.363,14.23,88.548,95.68,1.299,67.093,3
45.742,17.65,99.98,7.414,97.759,60.693,7.05,52.536,0
55.812,18.23,93.986,8.148,92.417,83.34,5.79,57.8,1
83.24,22.8,90.932,14.077,89.73,98.912,0.047,65.898,3
44.45,17.2,96.02,7.5,97.9,68.312,7.08,54,0
48.366,18,96.9,7.9,96.5,77.1,9.61,52.9,0
45.37,17.06,99,4.3,95.1,71,7.5,51.2,0
54.8,18.2,93.93,8.115,94.8,81.88,5.2,59,1
72.9,22.403,93.79,11.1,92.025,94.06,5,61.038,2
66.3,22.578,93.389,12.258,92.22,92.327,4.68,62.72,2
84.407,23.7,90.304,14.9,89.802,98.006,1.143,70.74,3
46.21,18.3,97.31,7,96,62.71,9.53,51.7,0
59,20.074,93.77,9.506,95,81.202,7,55.41,1
42.421,60,98,6,95.7,7.4,8,50,0
59,20.9,92,8.16,92.8,80.27,5,59,1
82,25,92.93,16.1,89.17,100.14,2,67.7,3
43,18,96.4,8.6,97.44,65.24,8.5,50,0
92.1,28,82.1,18.2,83.6,101.2,0,76.2,4
43.3,17.4,19.9,7.4,94.689,67.267,7.937,51.31,0
53.99,20.2,92,8.9,93.904,84,7.14,60.3,1
70.32,21.929,92,10.48,90.3,89.5,3.381,65,2
42.9,18.1,96.99,8.985,96.478,76.033,7.996,54.026,0
101.3,27.98,83.45,18.416,85.69,104,1,78.9,4
53.6,20.26,92.376,8.9,93.9,81,6,57.6,1
86,25.6,92.59,13.43,9.1,95.561,1.95,67.76,3
79,20.01,93.869,10.01,92.8,90.299,2,63.13,2
53.603,19,92.8,9.349,92.6,80.946,6.73,60,1
71.21,21.206,93.3,12.5,92.179,88.5,4,63.23,2
109.56,28.3,82.174,19.425,87.32,112,0,77.21,4
46,17.14,98.1,6.134,97.691,75.29,8.47,53.98,0
62.88,20.99,94.01,11.47,92,92.6,4.3,61.54,2
53.553,19.072,91.591,10.322,93.678,82.533,6,60.56,1
88.1,23,91.5,16.9,90.13,90.419,1.7,72.56,3
97.3,27.3,89.1,21.23,82.456,115,1,79.45,4
69.452,22.53,93.8,10.15,91.707,89.303,2.6,64.08,2
45,17.12,99.5,4.248,96.4,68.132,9.17,53.154,0
64.79,21.09,94.16,10.1,92.557,92.522,4.33,63.112,2
54.1,18.99,92.95,8.8,93.81,81.9,5.88,56.123,1
95.3,32.6,87.4,19,87.2,105.05,1.3,77.77,4
83.287,23.6,91.968,15.576,90.433,99.682,1.1,75.04,3
42.77,18,97.716,5.65,96.52,60,7,53.192,0
58.39,18.62,93.027,8,92.922,80,6.2,50.2,1
76.967,20.178,93.718,10.9,91.9,87.35,4.83,61.75,2
88.533,25,90.2,15.89,90.161,99.6,3.07,71.34,3
49,16.42,99.047,8,95.64,64.23,9.2,50.21,0
56.33,19.95,92.347,10.26,92.51,83.402,5.4,57.27,1
68.117,21.874,92.945,12.086,94.215,93.803,2.746,60.456,2
53.21,20.902,92.116,10.99,23.56,85.6,5.45,59,1
82.02,23.21,92.814,17.94,90.572,96.988,2.15,69,3
61.2,22.28,94.6,12.785,90.38,85.76,2.42,60.82,2
58.147,19.13,92.652,8.9,95.07,83.834,5.865,57.13,1
79.142,22.3,92,12,92.009,86.92,3.63,63.481,2
52.84,18.84,92,8,93.671,83.4,6.989,59.914,1
83,25,90.1,12.473,88.6,99.6,1.44,68.918,3
45.8,16.677,96.75,5.08,95.19,70.146,8,54.1,0
44.186,18,97.8,4.47,97.147,66.6,9.944,50.14,0
57.693,18.8,91.7,9.6,92.568,84.258,7.85,55.341,1
93,28.9,84.46,19.86,83.804,107.28,1,78.111,4
80,25.579,92,12.59,88.119,96.575,1.9,73,3
66,20.1,92.3,11.56,90.65,85.9,5.1,64.085,2
92.23,28.82,82.23,92.08,8.143,101.08,0,77.15,4
90.465,24.779,92.79,13.9,89.5,98,0.72,68.48,3
62.19,20,92.2,10.31,95,89.341,2.08,63.131,2
53.326,20.577,93.523,8.51,95.513,82.23,7.6,55,1
80.55,23.3,92,17.764,88.244,100.01,2.139,66,3
63.061,20.3,93.63,12,92.501,92.681,3.3,62.02,2
61.1,20,93.2,10.99,92.87,92.26,5.871,64.096,2
83.823,23,91.117,14.6,19.123,95.5,1.7,65,3
60,22.35,92.91,12.4,19.1,95.673,5.894,64.441,2
92.102,26.601,86.06,28.01,88.5,101.111,0,77.767,4
48.01,16.79,98.763,6,96,74.5,9.025,53.928,0
73.131,22.02,93,11.006,91.002,81.2,4.521,64.02,1
67.4,22,93.95,10,92.23,93,5.88,63,2
80.54,22.881,91.605,15.01,88.6,95.6,3,69.1,3
46,16.981,98.225,5.19,97.764,78.497,7.91,50.54,0
52,20.6,91.9,9.5,94,82.429,6.02,56.08,1
88.8,25.69,90.96,12.12,89.61,97,2.2,71.72,3
72.326,22.2,94.8,11.4,92.1,92.373,2.01,63.707,2
97.212,26.88,92.1,18,78,103.303,1,79.8,4
44.137,18.224,99.834,6.242,95.037,63.72,8.41,53.45,0
80.24,23.46,90,14.41,89.21,96.08,0.714,67.571,3
50.1,18.45,92.8,9.22,92.389,84.5,7.41,57.32,1
50.068,18.945,97,8.05,96.17,77.35,9.26,52.317,0
83.141,25.518,92.056,16.424,88.105,98.026,0.547,68.721,3
50,17.945,98.5,8.53,97.57,65.395,9.802,51.442,0
96.3,28.12,89.39,18.18,79.35,103.25,0,79.92,4
50.01,18.11,93.386,9.825,93.57,80,6.9,55.173,1
47.4,17.11,98.05,6.32,96.336,66.804,9.543,53,0
85.5,22.42,91.425,60,88.72,99.005,0.096,66.277,3
60,19.6,93.23,9.5,94.628,81.9,5.5,58.11,1
79.153,22.45,92.93,10.54,92.641,90.04,2.35,62.6,2
97.67,28.19,87.19,18.13,80.12,114,1,79.23,4
59.4,10.69,93.9,8.095,92.395,80.209,7.141,57.798,1
84.567,24.1,90.36,13.8,88.49,96.3,2,69.1,3
47,17.3,98,7,96.4,69.307,9.01,53.23,0
50.137,20.777,93.39,9.4,93.789,80,5.9,56.93,1
97.401,35.55,84.12,23.806,85,102,1,79.234,4
86,24.962,91.93,16.176,88.059,98.366,1.058,60.142,3
72.4,22.03,94.2,11.26,92.904,96.025,5.65,64.9,2
52.71,20,93,8.9,92.144,84.969,7.94,59.913,1
42.7,18.424,96,6.517,95.712,74.337,7.5,50.7,0
85.792,24.613,92.018,12.723,88.379,96.23,1.48,65.43,3
58.311,18.16,93.85,8.769,94.617,84,6,56.6,1
7.06,20.506,93.769,11.919,90.644,90.101,2.11,64.244,2
82.74,23.5,91.6,14.089,89.854,100,1,69.4,3
47.18,16.4,99.611,5.9,95,67.318,9.3,50.7,0
56.56,18.54,93.527,8.54,94.62,83.735,6.14,55.38,1
88.43,25.63,91.174,12.513,88.189,98.962,2.838,73.163,3
45.5,18.615,99,8.351,96.391,74.134,7.1,51.77,0
68.86,22.93,92.844,11.01,92.784,95.386,2.405,62.012,2
96.677,29.354,82,18.113,79.34,103.12,1,79.99,4
45,18.86,99.137,6.805,97.654,66.8,8.98,52.7,0
69,21.23,92.528,12.562,91.054,93.849,4.61,65.469,2
55.387,18.625,91.831,9,94.04,83.83,5.148,57.355,1
42.52,18.9,98,7.02,95.78,70.951,7.637,58.927,0
60.158,21.171,94.39,10.36,91.568,94.422,4.778,65.386,2
44.8,16.04,97.066,8.8,95,75.93,7.167,52.42,0
99.156,27.69,82.938,19.91,85.55,105.105,1,80.86,4
50.39,17.31,98.29,5.894,97.09,63.368,9.58,50.633,0
43.05,18.92,96.334,4.307,95.431,70.2,7.6,51,0
59.18,19.344,93.771,8.68,93.232,84.6,6.1,58.77,1
80.53,22.58,92.13,11.17,92.68,95.67,5.4,65.5,2
50.93,17.789,96.15,4.89,95.148,74.519,9,53.87,0
54.54,18.98,92.42,9.4,92.78,84.99,5.3,58.6,1
88.55,23.44,92.37,13.65,89.23,95.74,2.303,69.49,3
79.55,21,93.686,11.176,90.218,94.45,4.434,60.355,2
43.115,18.88,98.77,7.22,97.671,72.47,7.118,53.094,0
60.403,21.841,92.257,11.88,90.766,92.469,4.69,61.517,2
59.21,20.5,91.23,10.15,95.36,81.57,5.4,60.4,1
71.36,22.86,93.32,10.58,92,92,2.9,61.05,2
49.007,18.303,99.677,6.73,97.141,62.786,7.523,52.24,0
78.383,20.163,94.851,10.906,91,86.143,5.1,61.005,2
84.077,24.707,90.028,13.69,88.8,95.73,1.421,67.741,3
40.719,18.661,99.6,4.8,95.248,79.47,9.7,52.9,0
54.77,19.96,93.85,8.23,94.34,92.06,6.35,56.84,1
85.93,25.627,91.665,17.122,89.559,95.335,1.448,70.786,3
78.2,20.5,92.952,11.247,91.486,92.464,5.454,62.27,2
86.19,25.72,95.72,17.3,88.15,100.43,2.38,69.221,3
50.827,17.02,96.03,4.477,95.547,65.025,7.93,52.499,0
60.91,19.166,93.112,8.091,93.804,80.23,6.37,60.475,1
81.536,23.806,90.09,16.8,89,99.545,2.345,71.68,3
48.15,17.46,95.46,4.61,97.8,61.4,7.4,52.7,0
65.004,21.555,94.537,11.33,90.04,85.134,5.772,61.534,2
42,16.02,99.67,5.314,97.552,62.154,7.79,5.441,0
85.226,23.54,92.329,12.7,89,100.88,0.21,71.888,3
92.213,21.365,85.54,20.27,80.88,109.13,1,79.503,4
52.594,19.47,91.432,8.84,19.687,82.639,6.111,57.123,1
86.201,26.647,90.696,13.165,89.661,95.02,2.53,71.189,3
73.25,22.884,92.628,11.199,90.55,95.212,5.36,65.37,2
81.57,21.97,91.49,17.432,99.4,96.26,2.355,67.604,3
43.667,17.464,98.69,7.488,97.523,71.489,8.95,53.512,0
51.88,18.38,91.674,9.95,93.052,80.473,6.853,57.56,1
80.17,21.25,94.55,11.4,92.579,92.606,4.78,61.421,2
86.59,22.38,92.82,15.37,90.411,100.21,1.08,73.779,3
92.22,28.6,82.13,17.09,80.08,111.01,0.33,82.12,4
94.45,36.06,92.2,27.522,82.28,113.9,0.75,85,4
75.3,21.18,93.866,10.64,90.03,93.14,5.66,62.972,2
58.029,19.794,93.446,8.666,95,85.292,5.361,57.575,1
41.571,16.27,99.323,4.59,96.25,80.9,8.34,52.52,0
99,28.32,85.5,26.27,80.83,112.3,1,82.65,4
63.9,21.9,92.73,11.44,92.927,92.011,4.9,61.456,2
57.99,19,91.042,10.042,92.4,84.195,7.6,59.664,1
83.56,25.5,92,12.7,90.333,99.877,2.57,75.902,3
93.39,34.43,84.48,26.62,86.68,106.601,0.568,85.58,4
96.5,38.2,88.35,28.111,89.11,101.101,0.33,77.789,4
64.44,20.6,92.877,10.9,90.41,87.6,4.7,64.3,2
58.851,18.841,91.358,8.427,92.36,81.5,6,58.544,1
88.193,23.82,90.16,14.183,89.683,97,0.2,65.127,3
95.53,29.6,85.5,19.93,82.88,102.22,0,74.32,4
53.639,20.54,93,8.155,93.687,82.683,6.709,56.215,1
45.655,17.429,99.79,5.1,95.8,75.131,8.747,52.004,0
59.41,18.33,91,8.9,94.5,82.4,6.55,56.7,1
64.66,22.78,92.4,10.15,90.18,95.712,2.228,60.871,2
60.252,18.314,92.94,9.996,94.274,83.804,6.722,57.317,1
84.891,24.143,92.94,17.64,90.576,97.235,0.148,73.167,3
44.899,16.466,99.99,5.8,97.44,77.535,9.3,53.7,0
61.721,21.47,92.552,12.766,90.966,89.305,4.1,64.186,2
86.036,24.49,91.38,13.47,90.18,99.92,0.032,69.562,3
97.54,33.86,86.12,21.34,81.08,104.11,1,78.9,4
43.35,17.75,97.79,4.8,97.203,60.27,7.3,52.57,0
55,20.721,91.36,9.241,95.36,82.844,6.204,60.054,1
89.789,22.851,92.782,17.795,19.92,100,1.963,68.454,3
63.21,22.79,92.61,11.639,92.329,92.785,5.56,62.339,2
43.03,18.48,96.15,4.28,95.327,71.126,9.12,51.29,0
50.4,19.064,92.15,8.4,92,82.33,7.693,59.885,1
85.06,24.18,92.32,12.91,88.66,100.109,0.663,69.005,3
96.06,31.53,89.88,23.52,81.11,111.11,0.88,88.88,4
63.166,21.49,93.78,12.501,92.22,86.911,2.8,61.81,2
56.36,20.91,92.961,9.86,94.912,82.087,6.638,59.3,1
97.76,32.25,89.94,26.27,87.88,109.1,0,85.5,4
44.44,18.21,98.47,5.03,96.427,71.019,7.13,53.694,0
55.44,19.82,91.16,8.9,92.1,82.11,7.687,56.17,1
87.279,22.54,90.64,13.88,89.8,95.32,0.007,69.479,3
77.22,21.999,94.371,10.86,92,95.69,5.353,62.423,2
44.983,18.289,97,6.8,97.949,73.89,8.718,52.07,0
52.84,20.99,91.3,8.4,95.85,84.6,5.67,60.67,1
62.81,20.47,94.44,10.02,91.09,91.9,3.2,60.134,2
83.46,24.21,91.22,13,89.522,98.94,2.44,72.211,3
99.99,30.03,89.67,28.2,81.3,107.12,0,82.24,4
57.05,18.6,91,9.49,55.27,80.5,5.35,57.91,1
81.56,25.6,92.39,15.45,88.95,100.71,1.6,71.17,3
92.29,25.52,87.987,28.271,79.803,100.101,0.853,76.67,4
66.16,20.27,93.87,11.308,91.64,87.91,4.58,60.465,2
54.21,18.47,92.7,9.9,95.9,83.812,7.03,56.7,1
49.9,18.4,96.13,6.53,96.4,60.64,7.858,53.322,0
40.8,16.56,97.818,4.315,95.304,60.47,8,50.49,0
74.466,22.103,72.55,11.23,91.09,88.55,3.17,65.35,2
57695,19.75,91.8,10.3,95.04,84.38,17.819,60.137,1
60.172,19.782,92.189,8.569,94.94,81,7.427,55.95,1
93.33,27.72,86.64,18.31,17.105,107.1,0.66,81.835,4
40.18,16.99,97.5,6,96.63,67.5,9.9,52.505,0
60.3,20.03,93.4,8.9,95.16,81.28,5.32,58.5,1
48.186,16.78,98.266,6.5,97.79,70.296,7.701,50.898,0
53.35,18.76,91.2,8.9,94.9,86.301,6.837,56.285,1
99.963,29.454,88.901,20.2,80.801,102.45,0.56,79.103,4
60.696,20.36,92.725,10.97,95.745,81.688,7,60.081,1
75.47,20.2,93.286,10.79,90.46,93.81,5.32,61.28,2
40.975,16.851,96.8,8.46,96,80.977,9.499,53.221,0
82.19,22.6,91.21,12.03,88.8,97.2,0.52,73.45,3
76.36,22.38,94.46,12.83,91.25,91.1,2.7,64.9,2
49.89,17.949,96.248,6.26,95.341,70.344,9.107,53.292,0
58.32,18.6,92.9,10,93.33,83.4,5.243,56.543,1
97.04,26.256,85.329,17.146,83.39,103.32,0,77.1,4
47.72,18.31,97.563,4.79,95.799,62.738,9.578,62.685,0
70.71,21.464,94.767,12.077,92.1,89,4,61.68,2
57.277,18.322,92.367,8.077,92.21,85.994,17.139,58.923,1
60.83,20.05,94.65,12.9,92.4,87.08,3.701,64.507,2
40.83,16.92,97.22,8,96.572,61.3,9.274,54.077,0
90.6,25.1,91.79,16.934,89.9,96.48,0.05,71.48,3
55.03,19.39,91.61,8.501,92.08,84.312,6.11,55.187,1
88.192,22.508,91.866,14.818,90.1,96.744,2.5,70.709,3
42.453,18.9,99.9,7.51,96.606,65.503,7.357,51.989,0
74.47,20.9,93.17,11.97,92.209,92.24,4.6,60.186,2
55.591,19.504,92.1,9.687,95,85.155,7.965,55.1,1
60.108,22.33,92.105,11.17,91.85,94.35,4.2,64.8,2
82.16,25.117,92.31,13.3,89.87,95.3,2,73.7,3
49.805,17.398,97.151,8.504,95.865,60.06,8.078,51,0
58.33,18.63,91.271,10.87,94.333,81.89,5.66,55.59,1
65.59,20.855,93.722,10,92.6,87.212,2.7,65.487,2
82.5,24.6,91.1,12.9,88.2,97,0.4,75.2,3
46.789,18.263,96.404,7.225,76.274,60.55,7.859,54.95,0
61.6,22.353,93.24,91.481,91.109,88.19,2.793,61.096,2
80.106,25.969,91,14.979,88.917,97,0.622,75.08,3
51.81,18.85,93.189,8.19,95.46,82.191,5.808,60.183,1
45.93,16.678,99.73,7.757,96.501,70.123,8.402,52.856,0
84.82,24.66,92.302,16.27,90.89,97.89,2.2,71.7,3
60.91,21.093,93,10.9,90.216,87,5.005,61.987,2
48.61,17.89,97.422,6.755,95.99,72.38,8.8,54.196,0
53.9,19.379,93.203,10.442,94,80.109,5.401,56.908,1
67.49,21.2,93,12.93,90.56,88.103,4.798,60.401,2
49.159,16.304,96.386,6,96.738,60.382,8.322,50.49,0
84.522,22.36,21.837,14.178,90.644,95.411,1.9,60,3
102,28.82,91.09,19.28,89.89,100.35,0,76,4
80.82,24.7,90.3,15.6,88.7,98.2,0.2,66,3
98.216,26.25,85.3,17.21,82.82,100.3,0,75.68,4
58.014,19.809,93.246,8.453,93.946,80.536,5.757,56.545,1
72.943,21.54,93.69,12.03,92.34,88.723,2.98,61.981,2
59.639,19.224,93.88,10.37,95.15,81.38,5.5,56.96,1
60,20.333,93.03,12.13,91.52,88.67,3.4,60.65,2
98.91,28.14,88.46,18.55,86.68,103,0,82.28,4
54.84,18.338,91.722,9.2,95.927,81.997,5.3,58,1
84.9,24.4,92.84,17.76,89.894,97.702,1.313,67.31,3
43.05,16.75,98,7.199,95.7,68.68,8.974,52.489,0
95.882,27.882,86.86,18.441,87.234,103.63,0.75,72.75,4
62.62,22.19,93.92,12.22,92.27,93.33,3.94,60.91,2
86.66,22.13,92.28,16.82,90.7,99.74,2.3,70,3
69,21.296,94.566,10.38,92.807,85.776,5.704,65.84,2
59.878,18.09,93.211,91.222,93,80.3,5.608,60.091,1
86.137,25,91.29,16.069,19.431,100.265,1.783,73.171,3
99.9,29.9,89.88,18.52,86.86,104.88,0,84.84,4
41.503,16.44,96.699,4.996,95.07,72.21,7.811,53.39,0
58.38,19.18,93.47,8.49,95,80.38,6.399,59.46,1
56.605,20.988,91.169,8,93.93,84.199,5.521,58.116,1
86.81,22.614,91.306,12.944,90.407,100.921,0.471,66.634,3
96.7,28.356,89.34,17.127,82,103,0,88.64,4
60.81,20,92.38,10.414,92.391,89.55,3.799,63.797,2
44.96,18.404,97.655,7,96.858,76.05,7.967,54.607,0
50.59,20.35,92.722,9.7,92.22,82.26,5.8,55.707,1
88.446,22.984,90.335,17.71,89.4,96.115,0.465,73.378,3
50.83,17.15,99.58,8.6,96.44,70.66,8.6,54.53,0
83.207,24.2,90.4,15.5,90.7,97.63,1.339,71.66,3
74.25,21.109,94.339,10.159,91.633,89.146,4.653,62.696,2
89.4,22.8,92,16.434,90.91,96.7,1.9,65.4,3
92.299,26.88,82.528,25.505,79.29,103.03,0,84.04,4
89.529,24.257,90.289,12.9,89.38,100.187,1.069,66,3
98.156,27.303,81.145,18,77.76,104.138,1,82.12,4
43.782,16.49,98.11,4.17,95.4,64.64,9.33,53.08,0
64,21.104,92.65,10.587,90.577,92.149,4.021,65.011,2
48.5,17.307,99.81,6.9,96.42,69.981,7.601,52,0
82,22.684,92.38,17.329,89.343,100,1.379,74.598,3
53.53,19,93.171,9.484,94.609,83.054,5.567,58.41,1
84.724,25.19,90.573,16.7,89.77,99.27,1.8,71.68,3
100.1,25.1,89.2,26.555,83.222,100.89,0,86.02,4
89,24.89,92.5,16.9,89.68,99.56,2.826,67.511,3
98.53,28.28,88.98,18.64,85.92,103.11,0,81.81,4
87.954,27.52,92.543,13.35,89.059,99.437,1.823,70.69,3
84.79,25.07,92.4,12.6,88.17,97.388,2.78,70.302,3
72.213,22.457,92.631,10.32,90.92,85,5.47,65.48,2
98.73,28.72,88,18.8,86.8,103.4,0,81.8,4
97.7,28.2,83.8,25.6,82.1,105.8,0,85,4
86.73,24.7,91.404,12.9,89.4,99.243,0.36,70.7,3
96.28,26.35,85.3,17,82.431,100,0,75,4
64.531,20.565,94.69,12.69,90.876,91.45,4.76,64.824,2
81.935,24,92.508,14.929,89.229,94.84,0.9,66.03,3
64.937,22.098,93.472,11.682,91.489,91.289,3.316,62.33,2
77.42,22.01,92.457,11.59,91.486,93.33,2.467,65.65,2
80.651,22.25,90.119,15.619,88.176,97.123,1.089,65.974,3
50.16,20.944,91.857,9.655,92.799,82.429,6.525,57.14,1
80.271,25.109,92.147,17.625,90.96,97.87,0.143,65.876,3
85.614,24.365,92.682,13.312,88.187,95.518,1.521,74.923,3
78,21.2,94.2,12.63,91.8,91.5,4.9,61.8,2
55.975,18.857,91.343,9.234,93.934,85.386,6.537,57.578,1
82.786,23.785,90.123,16.145,88.056,100.587,1.397,65.859,3
65.655,21.754,93.889,11.113,90.07,91.125,3.638,65.249,2
82.386,23.657,90.884,15.83,88.72,95.471,0.305,66.822,3
42.753,17.821,99.835,8.309,96.673,62.461,8.037,54.401,0
89.303,25.986,90.419,17.05,89.161,95.57,0.997,70.479,3
50.399,20.741,93.842,10.052,95.036,80.839,7.894,55.953,1
82.708,24.839,92.705,13.799,89.914,95.378,1.358,65.804,3
55.681,20.006,93.361,8.566,92.526,85.952,6.65,58.053,1
89.186,22.172,90.049,12.215,88.647,95.064,2.236,68.502,3
72.911,20.17,94.786,10.519,91.665,92.983,3.646,64.348,2
89.558,22.329,90.053,14.189,88.37,100.705,2.634,74.042,3
86.22,22.013,92.232,14.897,89.475,100.127,0.332,70.828,3
55.348,19.447,92.149,10.797,92.048,80.447,5.087,60.981,1
86.242,23.722,92.046,14.044,89.58,97.425,2.89,70.282,3
77.733,21.423,94.876,11.863,90.439,95.559,5.877,64.869,2
80.764,23.196,92.441,15.781,90.491,100.794,2.824,68.312,3
52.86,19.618,91.71,10.665,93.016,80.807,7.449,58.197,1
83.166,24.063,91.397,16.721,88.931,100.359,0.299,66.116,3
59.488,19.797,91.146,8.781,93.291,82.354,5.272,59.655,1
90.882,22.99,91.182,13.348,89.825,97.913,0.294,66.452,3
45.362,17.381,96.106,5.572,97.638,62.258,7.067,53.813,0
54.5,18.106,91.337,10.788,93.455,83.978,7.166,55.974,1
85.064,22.456,90.881,15.543,90.97,100.82,1.345,75.658,3
47.586,18.21,97.55,7.101,97.256,61.972,9.764,51.638,0
66.927,21.263,93.678,12.106,91.91,86.878,2.957,62.049,2
60.501,18.755,91.927,8.352,92.148,84.59,5.636,59.107,1
48.463,18.073,97.1,5.544,96.812,77.671,7.891,50.076,0
86.476,23.602,92.739,16.371,89.895,95.595,0.715,74.81,3
57.561,18.576,91.162,9.824,94.332,85.086,5.946,60.907,1
45.758,17.809,97.819,7.408,96.131,68.073,8.133,51.67,0
85.397,22.09,91.759,12.58,90.991,98.984,1.461,67.822,3
56.513,19.909,92.022,9.045,95.957,80.394,7.521,56.331,1
44.589,18.719,99.492,7.694,96.245,65.191,7.715,53.379,0
79.054,20.632,94.105,12.796,90.135,91.54,4.914,65.835,2
40.127,17.203,96.726,5.11,97.724,70.766,8.136,52.334,0
86.158,25.994,92.567,12.853,90.727,96.29,0.682,75.775,3
74.992,21.959,93.143,10.997,92.181,90.188,4.568,64.852,2
44.692,18.368,96.589,5.245,96.94,76.471,7.352,54.115,0
7.119,20.625,92.114,10.345,91.79,88.981,2.515,64.026,2
85.59,23.732,91.66,14.069,90.051,96.524,1.49,74.634,3
49.841,16.141,99.978,6.522,96.217,65.016,7.699,52.397,0
53.148,18.443,91.525,9.089,92.19,80.201,5.749,56.983,1
82.655,22.995,90.014,12.08,89.254,97.217,0.539,65.411,3
43.145,16.14,97.757,5.99,97.023,68.06,9.543,53.925,0
89.118,22.141,92.588,15.928,90.432,95.794,1.916,72.916,3
47.447,16.402,98.029,4.317,96.412,80.048,7.131,51.395,0
40.95,16.302,96.77,8.655,96.04,79.349,7.857,54.41,0
87.882,24.112,91.264,15.297,89.566,100.44,0.171,70.802,3
52.684,18.52,93.916,10.435,95.543,84.271,5.017,56.903,1
49.802,18.392,98.56,4.514,96.344,64.54,8.352,53.079,0
71.06,20.621,94.846,12.246,92.813,86.995,4.724,60.152,2
80.107,23.54,92.343,15.949,90.879,96.122,1.706,70.272,3
47.255,17.246,99.379,7.934,97.197,61.648,7.922,54.422,0
74.63,21.497,93.631,10.902,92.617,91.107,2.243,60.002,2
40.59,17.501,97.984,8.687,95.597,66.832,9.396,53.785,0
57.71,18.007,92.082,8.934,94.505,85.943,6.153,56.136,1
50.351,17.818,97.94,5.012,97.963,70.145,8.572,51.246,0
84.142,24.205,92.186,17.499,88.119,95.322,0.066,68.455,3
43.098,17.788,97.115,6.377,97.654,78.331,8.373,52.489,0
41.551,17.707,98.355,5.241,95.159,67.02,9.712,50.4,0
45.813,17.962,96.962,4.645,96.986,79.45,7.574,53.078,0
60.898,22.153,94.416,12.254,91.704,87.286,5.003,64.408,2
58.203,18.102,92.937,8.17,95.191,83.373,6.938,55.522,1
40.931,18.844,96.394,8.973,96.093,78.348,9.897,53.317,0
67.899,21.644,93.731,11.938,91.637,89.322,5.335,61.16,2
49.736,16.836,99.922,4.354,97.021,66.412,7.698,53.881,0
51.638,20.245,92.631,10.924,92.493,84.657,6.293,55.251,1
47.296,17.553,98.878,7.464,96.878,79.83,8.23,54.699,0
89.23,22.357,91.707,14.694,90.676,97.407,2.573,70.091,3
70.553,22.619,93.087,12.94,91.351,92.038,4.528,64.361,2
50.819,17.728,97.459,6.031,97.137,62.03,9.497,54.319,0
64.18,20.416,92.107,11.532,91.601,90.788,2.472,65.106,2
44.555,18.544,97.356,5.734,96.949,78.732,9.523,54.19,0
68.596,21.084,94.586,10.041,90.385,89.555,3.714,63.888,2
54.068,19.832,91.297,8.239,92.786,83.774,6.811,60.712,1
50.899,18.318,96.122,6.567,96.912,68.437,7.384,51.09,0
45.053,17.107,96.525,7.725,96.174,71.701,8.144,50.744,0
55.452,19.827,91.964,9.271,93.044,83.932,6.45,55.177,1
43.549,16.494,97.941,8.135,97.931,61.386,8.926,52.432,0
73.591,20.191,94.295,12.97,90.125,90.296,2.187,64.338,2
53.842,20.622,93.878,9.529,95.742,82.579,6.589,58.404,1
77.799,20.886,93.771,11.556,92.253,95.795,2.751,61.678,2
84.12,22.656,90.413,13.076,89.611,97.34,1.485,65.698,3
79.931,20.967,92.399,11.512,92.514,91.814,3.364,64.362,2
85.854,22.119,90.754,13.922,89.779,98.401,2.581,65.09,2
72.278,22.435,94.513,12.085,90.879,94.764,5.662,65.491,2
58.688,18.664,92.391,8.413,95.184,81.522,5.817,60.807,1
84.022,24.255,92.262,12.001,89.655,100.886,2.591,72.569,3
67.078,21.194,93.917,12.996,91.127,95.419,5.333,64.51,2
84.359,25.795,90.215,15.33,89.446,100.367,2.593,74.354,3
51.267,20.139,92.931,9.316,95.682,84.209,6.717,55.503,1
60.914,22.503,92.436,10.606,91.712,91.895,3.717,65.12,2
59.476,20.818,91.783,9.539,94.048,83.679,5.023,57.58,1
83.119,25.89,90.974,13.212,89.506,97.233,1.402,72.243,3
68.146,21.364,94.885,12.615,90.781,88.826,2.93,65.202,2
86.451,22.359,90.516,17.444,90.324,99.097,1.899,65.704,3
58.133,20.052,93.508,8.619,93.786,83.177,6.406,57.915,1
75.691,22.817,93.885,10.326,91.898,92.354,2.768,64.922,2
86.523,25.821,92.478,16.299,90.249,95.606,1.956,65.359,3
65.121,21.574,93.11,11.674,90.394,85.85,5.265,65.105,2
51.796,20.715,92.299,8.737,93.512,82.685,6.61,56.813,1
87.753,25.746,92.631,16.689,90.195,98,1.389,65.951,3
74.804,20.315,92.738,10.654,92.784,92.125,4.689,65.098,2
87.009,23.181,91.701,14.9,88.126,100.728,0.874,71.41,3
53.378,20.924,92.337,10.704,94.271,84.04,5.702,55.653,1
44.09,18.673,98.578,6.172,97.591,66.063,9.935,51.546,0
78.126,22.248,92.86,11.856,91.14,86.361,4.906,65.298,2
83.82,25.466,91.723,14.953,90.151,98.562,1.812,73.797,3
50.286,18.572,91.21,9.85,93.212,82.966,5.411,60.52,1
0.3,90.7,27.89,80.891,87.1,101.1,18.9,87.546,4
41.345,17.858,99.715,6.63,95.378,62.883,7.199,52.128,0
78.172,21.85,93.805,10.386,90.843,92.17,5.069,65.262,2
59.049,19.896,92.927,9.122,95.278,84.487,5.485,58.851,1
82.888,25.941,91.587,15.332,90.226,98.556,1.97,67.34,3
73.642,21.776,94.917,11.595,90.715,85.883,2.895,61.712,2
50.869,18.653,98.629,6.948,97.235,66.17,9.417,53.12,0
54.445,20.322,91.903,10.569,94.106,80.971,6.375,55.471,1
88.267,24.082,92.279,17.153,88.576,97.107,0.131,75.956,3
0,93.555,28.9,78.992,86.837,102.19,19.2,85.4,4
57.27,19.336,91.557,9.808,94.728,80.186,7.134,60.283,1
40.72,18.118,98.417,4.035,96.064,80.64,9.947,51.449,0
87.904,22.905,91.559,12.463,89.084,95.837,0.782,65.276,3
0.4,94.567,26,78.345,87.456,103.45,18.9,89.22,4
58.951,19.012,92.464,9.656,93.585,84.479,7.868,55.564,1
67.19,21.33,94.483,12.143,92.602,86.53,4.551,63.086,2
49.639,16.528,97.466,8.317,95.275,63.628,7.881,51.35,0
87.147,25.355,90.922,15.164,90.731,98.14,1.188,74.146,3
61.25,21.148,93.564,11.694,90.787,92.733,4.663,65.56,2
86.9,24.483,90.897,14.863,88.698,99.377,2.28,66.931,3
57.77,21.78,93.231,10.236,93.405,85.222,7.051,56.866,1
43.88,17.89,96.303,8.095,97.269,77.079,7.709,50.617,0
0,97,28.9,75.2,87.9,100.19,18.98,89,4
56.43,20.56,93.709,8.732,95.03,84.677,5.796,58.303,1
71.054,21.813,93.625,11.602,90.804,94.889,2.384,62.142,2
0,99.99,29.2,76,82.1,104.123,18.18,86,4
45.472,17.339,99.73,8.491,97.575,67.421,7.973,51.739,0
74.306,21.59,94.494,10.568,91.052,92.685,3.033,63.86,2
55.408,20.934,92.443,10.522,95.899,80.959,7.111,55.776,1
83.029,25.389,92.017,17.695,89.645,100.205,0.898,71.977,3
51.395,20.18,93.429,8.607,92.632,80.344,5.871,60.273,1
67.645,20.205,92.636,10.443,90.566,92.586,4.651,60.484,2
88.543,23.099,90.868,17.081,90.444,95.99,1.171,70.328,3
46.936,17.892,99.125,6.09,97.193,75.404,7.854,51.32,0
71.011,20.057,92.081,11.075,92.145,86.776,2.738,63.691,2
57.649,20.168,91.122,8.23,93.801,82.331,7.04,57.952,1
0,95.5,33.33,75.35,86.86,119.98,18.18,83.32,4
80.287,21.412,92.112,11.222,90.099,94.269,5.711,60.136,2
46.89,18.848,99.707,4.28,96.55,68.091,8.244,51.822,0
80.23,23.564,91.497,12.265,90.999,100.697,1.322,74.943,3
0.8,98.9,34.789,81.1,83.9,113.8,19.98,88.88,4
58.694,18.363,91.899,9.482,92.74,84.879,7.02,58.93,1
70.774,22.801,94.366,10.169,92.918,88.877,5.826,61.784,2
47.89,16.209,97.775,7.872,97.645,78.103,7.4,50.11,0
80.23,23.564,91.497,12.265,90.999,100.697,1.322,74.943,3
80.23,23.564,91.497,12.265,90.999,100.697,1.322,74.943,3
60.615,18.817,93.694,10.665,95.771,82.605,7.845,58.609,1
70.774,22.801,94.366,10.169,92.918,88.877,5.826,61.784,2
0.6,98.654,29.69,79.99,67.67,102.67,20.234,78.9,4
44.028,16.852,98.933,5.48,96.5,80.98,7,54.53,0
63.454,22.345,92.432,11.385,92.937,86.335,3.748,64.748,2
88.885,24.644,92.736,14.148,88.715,95.387,0.477,71.441,3
54.9,18.99,93.799,8.974,92.429,80.34,5.206,57.809,1
78.184,20.338,93.395,11.852,90.509,89.194,5.881,61.244,2
49.094,16.438,98.5,6.78,95.895,71.822,9.397,50.304,0
50.551,20.925,91.989,9.148,94.185,82.458,6.109,58.269,1
88.762,24.555,90.217,12.667,90.238,95.75,1.839,66.994,3
80.095,21.869,92.061,12.876,92.845,91.381,5.262,62.265,2
89.478,24.457,92.58,12.86,88.966,99.524,2.681,73.402,3
45.78,17.73,99.379,8.88,95.339,73.345,9.351,52.16,0
52.949,20.062,92.383,8.789,95.273,80.682,6.477,60.878,1
0.22,93.76,30.78,85.09,79,109,18,88,4
83.509,25.837,91.538,17.788,88.391,98.855,1.054,68.111,3
60.089,20.073,91.784,9.117,93.247,81.463,6.361,55.089,1
50.681,20.82,92.766,10.625,92.819,84.411,6.844,55.578,1
77.204,21.75,92.336,11.431,91.839,90.962,3.711,63.024,2
47.99,16.269,98.741,7.324,96.693,77.54,8,54.1,0
84.849,23.578,90.647,16.073,88.419,100.842,2.436,66.055,3
81.467,25.723,91.378,15.906,89.937,97.109,2.079,66.081,3
50.062,19.8,92.545,9.096,93.781,82.13,7.514,60.624,1
76.407,22.827,94.81,11.763,92.285,88.136,4.033,64.614,2
40.321,18.366,97.225,7.887,96.564,65,8,54.501,0
51.123,19.619,91.733,8.871,93.802,83.803,7.519,59.856,1
85.43,25.395,91.689,14.969,90.767,99.902,0.87,66.591,3
0,95.78,26.9,78.78,84.4,105.567,21.45,86.89,4
60.644,20.557,93.338,11.418,92.773,88.033,4.472,62.636,2
45.31,17.952,97.78,8.206,96.71,80.244,8.236,53.85,0
50.992,18.456,92.966,10.982,92.715,83.682,5.842,59.958,1
89.466,25.013,90.767,13.017,90.694,97.6,1.17,68.87,3
69.688,20.04,93.948,10.955,90.788,89.609,5.197,61.82,2
0.3,92.213,27.89,77.77,87.9,111.1,19.043,87.98,4
42.89,18.869,98.772,4.777,95.679,67.366,7.016,54.426,0
51.367,20.392,91.966,9.278,94.487,80.412,6.233,55.48,1
72.144,20.343,93.185,10.185,92.406,89.183,2.746,62.967,2
87.957,22.243,90.949,16.508,89.331,96.66,0.138,72.449,3
66.248,22.113,92.489,10.721,91.949,85.539,2.414,62.88,2
60.186,20.506,93.723,8.455,95.895,80.298,6.069,58.485,1
43.845,17.69,98.33,7.293,95.965,69.332,9.682,54.841,0
0,92.67,25.678,75.45,87.9,100.709,17.231,89.9,4
60.294,21.222,94.278,11.813,90.636,92.638,4.474,64.188,2
54.338,20.458,92.466,8.594,95.15,81.214,5.414,56.001,1
90.97,23.319,91.114,12.385,88.795,97.943,1.389,71.189,3
44.65,17.059,98.227,4.393,96.78,68.554,7.088,50.155,0
76.477,20.379,92.481,10.673,92.292,95.351,2.415,61.826,2
85.99,24.579,91.733,16.458,90.067,98.683,0.999,72.159,3
52.564,18.848,93.189,9.936,94.409,82.102,6.976,57.612,1
67.582,22.924,94.994,12.287,92.473,90.293,5.805,64.949,2
48.577,17.978,97.411,6.61,96.801,79.654,7.579,50.43,0
0.9,96.25,27.678,76.9,83,112.3,18.18,87.87,4
78.841,20.926,93.714,10.708,92.327,91.924,3.882,60.357,2
59.961,20.962,91.196,8.93,92.936,84.477,6.003,60.753,1
80.846,24.383,91.185,13.085,89.832,96.391,2.569,65.368,3
47.941,18.217,98.688,5.69,95.431,78.654,9.574,52.979,0
87.822,22.376,92.351,15.293,89.73,96.678,2.164,66.793,3
46.999,18.514,99.254,6.893,96.872,67.22,9.192,54.627,0
50.144,18.393,91.418,9.487,92.986,85.197,7.91,57.086,1
54.567,19.286,91.586,8.543,92.279,82.653,7.335,55.087,1
87.589,25.177,90.925,15.823,90.713,95.766,1.99,74.856,3
45.689,16.078,98.355,4.536,96.443,64.503,9.312,50.888,0
81.728,23.197,90.664,12.817,89.056,100.472,0.267,68.272,3
43.023,16.053,96.847,6.466,97.697,74.619,9.181,54.134,0
54.389,20.655,91.56,9.897,95.999,81.238,7.179,56.306,1
87.063,22.44,92.575,13.427,88.65,95.281,2.835,71.628,3
47.012,17.926,97.277,4.045,97.255,62.708,7.89,51.628,0
41.037,17.986,99.654,7.616,96.38,72.326,9.519,51.664,0
78.68,21.836,92.168,10.112,91.686,85.797,2.068,60.97,2
53.822,19.294,92.836,10.29,95.436,80.407,5.455,57.518,1
80.862,23.799,91.225,16.384,88.09,97.387,1.798,73.327,3
58.734,18.802,91.32,8.296,93.782,82.392,7.372,55.207,1
55.395,20.725,92.643,9.233,93.06,82.564,5.453,59.208,1
85.475,22.915,91.998,14.052,89.204,98.404,1.443,69.13,3
48.497,17.126,96.079,7.243,97.263,62.241,9.658,52.151,0
54.839,20.79,92.765,9.054,92.194,84.351,6.87,56.467,1
73.781,20.806,94.068,10.159,91.858,87.949,4.403,63.46,2
81.478,22.68,91.362,14.248,88.187,95.127,0.911,72.006,3
75.144,22.977,93.912,10.583,91.34,89.457,4.716,63.522,2
41.368,16.717,96.546,6.028,97.207,73.68,7.408,52.908,0
55.78,18.74,91.137,9.535,95.456,85.778,6.164,59.995,1
49.983,16.853,98.32,5.464,95.761,74.081,8.091,54.856,0
82.849,23.002,91.184,15.319,88.159,100.436,0.527,71.281,3
84.379,22.073,92.754,12.669,88.88,95.287,1.14,72.911,3
86.85,23.482,91.677,12.42,90.049,100.424,1.786,65.256,3
73.156,21.724,94.56,12.688,90.348,90.817,4.023,65.753,2
41.87,17.488,96.553,4.812,95.088,60.396,9.331,51.183,0
67.323,21.07,92.174,11.6,92.172,86.414,2.258,62.832,2
40.354,16.64,97.868,7.989,96.109,70.987,9.604,54.636,0
81.977,25.935,91.81,12.463,90.459,97.224,0.947,74.951,3
54.105,18.705,91.636,10.124,93.949,84.767,6.157,58.544,1
59.743,19.733,91.333,9.087,93.076,85.594,7.895,55.675,1
64.506,22.823,92.319,10.921,90.614,88.355,4.279,63.371,2
85.263,25.794,92.091,13.041,90.342,98.244,2.486,67.27,3
80.496,25.613,91.223,14.168,88.858,96.607,2.729,66.201,2
62.774,21.006,93.388,11.931,90.177,93.553,2.424,62.184,2
84.89,23.845,91.917,16.188,88.561,99.291,2.936,73.286,3
42.403,17.522,98.894,7.118,97.038,67.195,9.685,50.723,0
54.769,18.277,92.829,9.638,93.824,83.224,6.053,55.977,1
59.71,20.171,92.387,8.044,95.296,82.701,7.185,59.639,1
60.447,22.504,94.712,10.808,90.859,93.215,3.462,65.669,2
40.74,18.742,99.912,6.822,96.844,77.166,9.156,51.773,0
53.619,20.644,92.538,10.48,94.514,82.256,6.123,55.297,1
83.787,23.708,92.562,17.281,90.58,97.382,1.924,71.538,3
43.852,18.37,99.093,8.646,96.771,78.881,9.484,54.024,0
54.428,18.711,92.295,10.859,95.942,82.078,6.477,60.17,1
59.6,20.604,91.335,8.313,95.785,84.1,6.116,56.881,1
65.585,21.023,92.536,12.092,92.608,93.988,3.361,65.623,2
50.324,16.802,98.853,8.948,97.016,65.684,9.467,54.341,0
46.918,16.887,96.124,6.87,97.878,60.317,9.202,50.725,0
53.237,18.12,93.371,10.654,93.451,85.862,7.352,56.25,1
72.83,22.126,94.538,11.865,92.852,93.48,4.162,65.928,2
42.332,18.763,96.284,6.469,96.5,67.495,8.253,53.201,0
51.928,19.621,92.012,9.305,93.389,84.123,7.028,59.43,1
43.648,18.859,96.837,4.78,95.226,63.926,8.829,52.799,0
46.391,17.811,96.484,5.965,95.09,76.722,8.079,54.692,0
52.536,18.966,91.578,10.701,93.484,81.22,5.984,57.004,1
42.83,17.058,99.746,8.227,95.926,78.693,7.204,54.229,0
89.477,22.423,91.905,16.923,89.133,99.382,1.465,69.576,3
64.923,20.378,94.031,10.014,90.585,95.933,4.107,63.207,2
40.414,17.162,98.464,8.613,97.775,67,7.798,50.407,0
41.004,17.628,98.036,8.16,97.589,76.151,8.342,54.806,0
79.782,20.358,94.611,10.937,92.507,95.876,2.297,60.426,2
89.41,24.677,90.618,15.741,89.178,99.206,2.634,71.422,3
74.523,22.688,94.678,12.306,90.634,91.047,2.291,65.976,2
50.404,18.474,99.416,6.101,96.602,76.771,7.237,52.954,0
44.273,16.252,97.59,7.076,95.435,78.303,8.988,52.492,0
88.746,24.401,90.603,17.829,90.555,96.337,2.721,69.712,3
81.061,24.146,91.177,15.556,88.897,96.391,1.063,70.107,3
80.825,21.592,93.616,12.836,90.059,92.873,2.741,64.768,2
64.026,20.934,92.452,10.347,90.655,87.659,2.878,64.528,2
86.818,23.861,91.421,17.683,90.557,95.238,2.123,71.803,3
81.631,24.551,92.44,15.579,89.26,98.021,0.067,73.986,3
50.791,19.799,92.532,9.751,94.985,85.928,7.521,57.081,1
75.794,21.73,93.419,11.271,91.042,88.812,5.949,60.235,2
73.878,20.913,93.739,11.257,90.572,92.991,2.128,62.933,2
64.76,21.604,93.465,10.919,92.354,92.426,5.294,62.722,2
50.478,20.95,93.739,9.85,92.496,85.51,5.808,59.44,1
84.229,22.985,90.015,17.176,88.056,98.059,0.867,74.043,3
58.613,18.077,92.32,8.918,95.735,81.737,7.864,55.318,1
66.57,22.296,92.409,11.423,91.22,89.37,4.353,64.366,2
59.961,18.886,92.34,8.094,94.451,85.62,7.917,59.657,1
51.684,20.073,93.632,10.525,94.075,80.543,7.323,57.597,1
90.82,22.269,91.956,13.045,88.377,96.168,2.333,75.75,3
86.326,24.18,90.335,17.395,88.89,95.126,1.834,75.603,3
58.816,19.056,92.658,9.143,92.16,85.232,6.016,60.734,1
79.924,20.106,92.007,12.602,92.574,95.72,3.195,65.605,2
80.635,22.718,93.888,11.199,92.179,89.494,5.508,61.247,2
64.552,21.248,93.546,12.626,92.161,89.846,5.987,62.812,2
61.944,21.441,93.578,11.309,91.474,95.713,3.706,65.023,2
59.689,20.124,91.03,9.346,94.45,84.874,7.234,55.336,1
49.937,17.274,97.335,4.102,97.134,66.63,9.896,52.812,0
59.804,19.064,93.923,8.519,92.701,85.418,7.08,57.038,1
60.11,19.394,92.317,8.296,94.066,81.43,5.809,56.934,1
81.443,24.259,91.397,16.534,90.481,99.346,1.815,73.318,3
53.911,18.004,92.817,10.694,95.907,84.989,5.722,55.734,1
77.642,21.531,93.943,12.065,91.266,90.91,5.32,60.874,2
71.269,20.295,92.165,12.577,91.894,85.237,2.91,62.189,2
48.236,17.773,98.071,8.573,97.945,77.174,8.033,52.071,0
80.547,21.48,94.571,10.789,91.679,86.596,4.583,60.585,2
80.202,21.703,93.118,10.383,91.596,86.941,2.486,62.831,2
42.523,18.414,96.025,6.976,97.066,77.212,8.744,53.383,0
61.258,21.364,93.854,11.32,91.969,86.257,4.844,65.163,2
66.915,21.67,94.753,12.048,91.215,87.804,5.724,61.621,2
90.495,24.144,91.066,15.129,89.949,100.212,1.252,68.602,3
64.321,20.006,92.125,12.51,91.926,85.305,3.275,65.216,2
45.64,16.55,99.347,5.087,95.608,62.415,9.131,54.864,0
75.431,21.537,92.573,10.714,91.477,91.211,4.832,63.87,2
73.906,21.201,92.545,12.945,92.901,86.301,4.145,65.056,2
87.297,24.876,90.024,17.194,90.877,97.491,1.666,70.928,3
80.835,22.461,90.513,14.463,90.006,95.948,2.633,75.103,3
54.782,20.215,93.976,9.918,95.827,82.14,7.264,60.933,1
52.868,18.339,92.096,9.324,92.889,81.227,5.744,59.575,1
85.969,25.03,90.608,17.465,89.113,98.173,2.104,65.539,3
72.348,22.113,93.879,12.001,92.672,94.873,5.183,62.705,2
43.329,18.767,98.951,4.137,96.977,76.535,9.304,54.454,0
90.65,23.276,92.311,12.224,89.882,99.563,0.688,69.865,3
53.975,19.625,93.902,10.793,93.247,83.685,6.427,57.12,1
44.089,16.082,98.148,6.271,97.593,71.173,7.844,52.343,0
43.34,16.717,96.764,6.965,95.729,76.049,9.832,51.336,0
53.599,20.4,93.122,8.521,95.076,83.654,5.383,59.536,1
87.96,23.883,90.57,16.148,89.103,99.987,0.97,67.592,3
59.458,18.669,91.231,8.959,92.985,82.18,7.065,58.275,1
85.663,22.487,91.219,15.526,88.034,96.79,0.297,74.613,3
41.076,18.825,96.22,7.905,95.46,73.715,8.225,52.629,0
48.307,17.455,97.369,7.341,97.7,71.243,7.755,52.511,0
53.183,18.598,93.733,9.066,94.82,85.65,6.467,55.714,1
59.645,19.266,92.699,9.169,92.721,81.826,7.534,57.459,1
77.835,22.291,94.629,12.449,91.115,92.817,4.988,60.998,2
74.076,20.561,94.024,10.417,90.627,94.01,4.759,65.832,2
63.389,20.563,94.714,11.671,90.625,94.655,3.722,61.846,2
80.356,25.511,90.095,16.378,90.696,98.212,2.367,73.536,3
49.885,16.858,97.916,5.011,96.249,70.455,8.677,51.339,0
41.076,16.469,99.064,4.394,95.2,65.253,8.715,54.418,0
66.57,22.296,92.409,11.423,91.22,89.37,4.353,64.366,2
50.078,17.441,99.233,6.47,97.531,65.648,8.573,53.061,0
42.762,16.611,96.348,5.413,97.532,76.972,9.678,51.123,0
42.572,16.749,96.635,4.31,95.367,79.641,9.799,52.173,0
50.156,18.9,99.76,6.064,95.422,74.544,7.452,54.948,0
83.229,24.21,92.706,15.395,88.491,95.084,2.173,68.221,3
44.596,18.162,96.633,4.149,95.989,71.329,7.072,53.496,0
82.853,25.049,90.064,14.046,90.693,99.859,1.762,66.266,3
52.345,19.344,91.462,10.285,92.4,84.599,5.637,59.579,1
48.474,17.659,99.623,6.047,96.132,78.582,9.786,52.097,0
84.328,22.529,92.682,15.716,90.128,96.43,0.395,69.624,3
55.941,20.373,92.791,9.1,92.001,85.427,6.071,57.721,1
84.969,23.917,90.223,14.861,90.626,100.078,0.01,71.636,3
43.418,18.279,98.638,7.828,96.341,77.042,9.552,53.982,0
87.827,23.615,90.291,14.985,90.755,96.108,0.629,75.814,3
76.309,22.626,92.145,10.473,91.32,95.987,3.487,65.204,2
90.906,22.249,91.21,13.743,89.669,96.667,2.328,65.886,4
53.488,18.163,93.284,10.239,93.902,85.24,5.478,60.052,1
46.174,18.875,96.039,8.468,95.208,64.879,9.594,54.447,0
61.613,21.239,93.418,11.16,91.307,87.475,5.993,62.256,2
89.336,23.662,92.655,14.946,90.741,97.624,0.849,67.938,3
57.926,19.334,93.919,10.87,94.412,82.11,5.973,60.179,1
68.306,20.642,92.472,12.796,91.927,90.633,3.986,63.953,2
45.777,18.375,98.219,5.154,97.689,70.876,8.38,51.347,0
43.103,17.972,99.732,8.151,96.102,73.22,7.932,52.077,0
50.303,17.252,98.769,4.814,95.532,78.062,7.712,52.366,0
70.022,22.884,93.956,12.983,90.506,91.931,4.754,60.897,2
50.824,20.654,92.07,9.329,95.194,80.83,6.1,57.186,1
90.763,23.297,90.732,14.727,90.337,97.482,2.368,75.028,3
81.294,25.213,91.601,13.726,90.921,95.751,1.149,73.146,4
52.984,18.342,91.005,9.007,95.657,84.074,7.006,56.789,1
88.853,23.26,92.068,15.317,88.749,99.6,0.877,67.998,3
49.948,16.227,99.659,5.279,96.57,62.983,8.766,52.342,0
83.808,23.506,90.137,14.933,90.299,95.516,1.236,66.736,3
85.295,24.052,90.729,16.81,89.41,97.559,0.939,68.329,3
57.237,20.036,91.613,8.302,95.983,84.98,6.394,56.336,1
42.953,17.553,97.664,7.745,96.617,73.986,9.376,50.064,0
90.911,24.407,92.008,17.055,89.903,97.143,2.343,70.364,3
59.707,18.555,91.583,9.808,93.589,84.166,6.319,59.763,1
83.628,22.387,90.264,17.166,88.783,95.081,1.716,68.856,4
42.72,18.91,97.795,7.288,96.204,72.818,8.924,50.826,0
80.645,23.881,91.253,13.963,89.331,96.71,2.091,65.072,3
56.689,20.339,92.046,10.035,94.714,84.35,5.897,60.756,1
86.337,23.924,90.322,14.316,90.257,100.135,2.373,71.126,3
45.264,16.119,97.69,8.512,95.347,64.886,7.48,54.258,0
88.101,22.621,90.089,14.62,90.645,95.72,0.588,75.454,3
51.545,18.039,92.776,9.408,94.027,80.391,5.398,60.442,1
88.084,25.373,90.829,16.458,90.91,98.584,0.419,65.809,3
41.78,16.099,99.463,8.612,97.684,70.333,8.71,51.141,0
69.748,20.973,93.851,11.323,90.829,88.726,4.949,64.242,2
97.54,33.86,86.12,21.34,81.08,104.11,1,78.9,4
84.675,22.651,90.246,16.038,89.957,95.114,0.513,69.626,3
57.478,20.645,91.024,10.635,93.092,83.374,7.163,55.758,1
73.994,20.241,92.682,10.199,90.144,94.942,5.55,65.142,2
51.478,20.097,93.276,10.847,94.712,82.716,5.595,60.482,1
41.997,18.874,97.628,6.793,97.205,66.02,7.74,53.601,0
70.623,21.937,93.958,10.574,91.426,88.711,2.477,62.98,2
83.628,22.387,90.264,17.166,88.783,95.081,1.716,68.856,4
46.94,17.895,96.223,8.171,97.959,66.139,9.416,54.666,0
90.305,25.373,90.833,15.63,89.402,95.36,1.113,74.734,3
60.908,22.103,92.674,11.755,92.679,92.035,5.585,63.13,2
40.833,16.451,99.868,4.117,96.558,66.772,7.84,50.306,0
55.973,20.517,91.905,8.195,93.205,82.861,7.785,60.633,1
72.965,20.808,92.348,11.515,90.437,87.946,4.594,60.463,2
75.626,20.034,94.796,11.187,91.466,89.988,4.208,65.242,2
87.88,25.902,92.959,16.825,89.439,96.816,2.427,74.04,3
60.866,20.392,93.353,10.952,94.05,81.973,6.771,55.466,1
60.908,22.103,92.674,11.755,92.679,92.035,5.585,63.13,2
55.975,19.942,92.573,10.967,95.243,84.697,5.095,55.523,1
49.547,16.297,98.246,5.742,95.313,78.111,9.498,54.069,0
65.468,21.451,93.691,11.422,90.081,87.956,3.575,60.234,2
81.294,25.213,91.601,13.726,90.921,95.751,1.149,73.146,4
77.271,21.324,92.06,11.163,91.511,87.362,3.44,65.537,2
66.607,20.736,94.802,10.621,91.155,90.411,2.242,60.998,2
50.009,18.273,96.096,7.137,96.826,71.251,7.978,53.572,0
80.854,23.014,91.735,13.659,89.634,99.077,1.068,73.013,3
45.573,16.559,97.077,5.908,96.01,76.147,7.711,52.598,0
77.111,20.974,93.775,12.602,90.958,94.655,4.829,62.907,2
80.093,25.207,90.35,16.822,88.639,98.95,2.03,65.346,3
68.67,22.433,92.764,12.481,91.444,85.966,5.927,63.975,2
50.578,16.743,96.614,4.469,96.52,69.167,8.62,54.909,0
82.161,22.777,90.464,13.928,89.103,98.035,2.072,70.711,3
40.78,18.081,99.187,8.654,95.765,60.784,7.016,50.666,0
81.063,23.572,90.444,15.392,89.897,98.404,1.598,75.03,3
60.159,20.172,92.633,11.965,92.511,94.549,5.855,65.088,2
92.299,26.88,82.528,25.505,79.29,103.03,0,84.04,4
84.284,23.643,90.287,15.133,90.658,97.602,0.49,75.682,3
41.067,18.876,97.765,7.517,95.747,75.771,7.999,53.5,0
90.906,22.249,91.21,13.743,89.669,96.667,2.328,65.886,4
88.934,25.119,91.28,16.25,88.259,97.536,2.66,74.723,3
79.159,20.205,94.527,10.425,92.858,93.6,2.967,62.77,2
60.089,18.209,91.644,9.547,92.574,81.526,5.904,58.518,1
48.241,17.803,98.79,6.684,95.446,71.128,8.653,53.477,0
53.075,19.213,93.791,10.546,93.259,82.888,6.775,57.155,1
66.999,20.073,93.357,11.26,90.471,87.529,3.288,65.887,2
62.016,20.308,92.206,11.874,91.085,92.685,4.164,64.843,2
53.39,18.127,92.39,9.905,93.752,84.436,6.49,60.757,1
40.324,18.829,99.114,4.628,95.583,74.233,7.239,54.985,0
81.464,22.412,90.935,14.035,88.423,97.271,1.334,72.622,3
54.375,20.548,91.308,8.958,92.824,84.559,6.345,59.029,1
77.206,21.28,93.107,11.543,90.998,88.987,4.043,61.066,2
44.941,16.158,98.763,6.82,96.66,64.2,8.25,53.343,0
53.791,18.184,92.785,8.511,94.973,80.701,5.849,56.094,1
88.259,24.289,92.442,15.343,90.677,96.526,1.732,74.621,3
56.503,18.087,93.876,8.33,93.791,82.419,6.104,60.798,1
90.498,22.028,92.756,16.146,90.055,97.194,0.653,68.945,3
46.746,16.242,96.324,7.505,95.088,76.598,8.241,52.629,0
50.563,19.875,93.26,8.686,95.064,81.103,7.195,60.937,1
93.5,27.1,79.9,18.86,77.73,111,0.5,58,4
74.569,21.209,92.642,10.048,92.631,89.872,4.124,62.243,2
49.572,18.683,99.088,5.849,96.5,71.908,8.58,53.595,0
86.167,24.034,91.462,16.376,90.944,95.363,1.84,75.301,3
91.8,25.9,78,18,77.8,115,0.49,52,4
55.726,18.497,92.229,8.451,93.174,80.996,5.566,55.246,1
80.09,21.832,93.146,10.062,92.43,88.105,2.465,62.377,2
77.254,21.658,92.493,11.93,91.965,85.734,3.004,61.759,2
89.994,25.142,91.144,12.949,89.747,95.078,2.622,70.261,3
83.641,23.516,91.575,17.135,88.604,96.264,0.027,72.615,3
76.74,21.559,94.214,11.394,91.308,90.221,2.655,60.538,2
87.17,23.125,92.469,15.092,88.33,97.057,2.318,70.382,3
60.322,18.129,91.821,9.603,93.523,80.265,5.562,55.562,1
86.214,23.731,92.318,14.325,89.535,98.516,1.327,70.494,3
92.8,25.8,78.87,18,77.81,112,0.42,50,4
59.044,20.203,92.606,8.383,93.013,81.66,6.201,56.02,1
79.635,21.297,93.236,11.715,90.33,89.441,3.475,62.302,2
87.197,22.121,91.901,16.034,90.724,97.165,2.477,65.829,2
83.098,25.133,91.765,15.963,88.87,97.179,0.857,72.84,3
49.152,16.846,98.654,4.324,96.981,61.245,7.53,52.177,0
96.7,29.9,79.89,18.78,79.97,112,0.6,67,4
47.637,18.056,98.741,5.72,97.383,63.808,9.38,51.573,0
69.06,21.214,92.821,10.99,91.185,92.78,5.197,60.254,2
81.451,22.343,90.894,17.416,89.974,99.513,0.634,69.174,3
91.89,25.909,78.9,18.2,77.82,111,0.45,53,4
59.729,20.521,92.886,8.101,95.802,81.239,7.89,58.202,1
80.975,23.94,91.498,12.109,88.109,99.586,1.652,68.485,3
69.987,21.539,93.288,11.865,91.149,91.103,4.784,63.905,2
63.398,22.854,92.558,12.062,92.134,94.595,3.637,61.44,2
82.807,23.922,92.932,12.496,89.016,100.095,0.479,73.191,3
90.224,23.991,90.452,17.635,90.278,100.943,1.535,65.907,3
53.153,20.234,93.138,9.277,93.799,83.003,6.117,57.866,1
46.151,17.077,99.489,6.457,96.678,69.459,8.19,51.639,0
56.483,19.431,93.401,10.534,93.96,81.83,7.701,56.405,1
61.941,21.199,92.547,10.74,91.161,87.291,2.454,62.501,2
92.6,26.34,79.9,18.8,77.77,100,0.46,55,4
42.825,16.177,96.961,8.814,96.524,76.416,9.626,50.323,0
59.044,19.685,92.223,9.826,92.366,85.248,5.524,60.305,1
82.088,23.993,92.972,15.764,88.141,100.86,1.108,69.762,3
69.884,21.309,93.673,11.42,91.19,87.036,2.015,61.116,2
75.064,22.062,94.856,12.886,91.546,93.836,4.479,65.22,2
54.771,19.515,91.061,9.349,92.717,84.629,7.622,58.026,1
87.899,24.406,90.831,16.886,89.465,98.325,2.535,67.915,3
55.564,19.601,92.791,8.074,95.761,80.369,6.711,55.918,1
85.433,25.024,91.613,15.282,88.813,97.48,0.627,67.731,3
43.725,18.139,96.93,8.47,97.644,62.307,7.416,50.175,0
58.51,18.563,92.584,10.639,95.763,80.867,7.186,59.609,1
42.05,17.135,99.098,5.568,96.746,72.268,9.433,52.555,0
70.265,22.038,94.614,11.63,90.307,86.741,4.806,61.499,2
83.751,22.009,92.387,12.885,89.586,96.771,1.06,70.705,3
54.732,20.43,91.666,8.798,93.925,83.741,6.833,56.611,1